Agent Code,Agent Name,Station Code,Station Name,Country,Territory,Invoice Number,"Fare
","Tax

","Modify

",Surcharge,Invoice Total,Unnamed: 12,Unnamed: 13,Emails Sent,Detail,report_year,report_month
DXB76,SKAZKA TOURISM & TRAVEL LLC,DXB,AE-DUBAI,United Arab Emirates,DXB,250801000108.0,110.00,62.13,40.88,381.75,594.76,,,0.0,Detail,"2025,,,,,,,,,,,,,,,","08,,,,,,,,,,,,,,,"
DAM109,LUXOR,DAM,SY-DAMASCUS,Syria,DMS,250801000054.0,"2,198.30",929.17,0.00,"3,165.00",6292.47,,,0.0,Detail,"2025,,,,,,,,,,,,,,,","08,,,,,,,,,,,,,,,"
DXB40,JABOR TRAVEL AND TOURISM LLC,DXB,AE-DUBAI,United Arab Emirates,DXB,250801000118.0,"1,574.10",910.70,40.88,"3,300.00",5825.68,,,0.0,Detail,"2025,,,,,,,,,,,,,,,","08,,,,,,,,,,,,,,,"
DXB13,FLYIN,DXB,AE-DUBAI,United Arab Emirates,DXB,250801000117.0,"5,575.72","2,657.89",122.37,"9,540.00",17895.98,,,0.0,Detail,"2025,,,,,,,,,,,,,,,","08,,,,,,,,,,,,,,,"
DXB8,UNITED TOURIST MANAGEMENT LLC,DXB,AE-DUBAI,United Arab Emirates,DXB,250801000025.0,"3,430.02","1,304.01",93.13,"5,040.00",9867.16,,,0.0,Detail,"2025,,,,,,,,,,,,,,,","08,,,,,,,,,,,,,,,"
LTK8,APOLLO TRAVEL AND TOURISM,LTK,SY-LATTAKIA,Syria,DMS,250801000121.0,337.00,124.08,0.00,480.00,941.08,,,0.0,Detail,"2025,,,,,,,,,,,,,,,","08,,,,,,,,,,,,,,,"
DAM204,ALANWAR usd,DAM,SY-DAMASCUS,Syria,DMS,250801000107.0,"1,105.30",225.32,0.00,555.00,1885.62,,,0.0,Detail,"2025,,,,,,,,,,,,,,,","08,,,,,,,,,,,,,,,"
KWI14,ALFANAR,KWI,KW-KUWAIT,Kuwait,KWT,250801000046.0,144.20,19.50,0.00,78.25,241.95,,,0.0,Detail,"2025,,,,,,,,,,,,,,,","08,,,,,,,,,,,,,,,"
DXB57,DARIN TRAVEL AND TOURS LLC,DXB,AE-DUBAI,United Arab Emirates,DXB,250801000143.0,"3,131.28","1,634.62",0.00,"6,270.00",11035.9,,,0.0,Detail,"2025,,,,,,,,,,,,,,,","08,,,,,,,,,,,,,,,"
DAM156,GOLDEN SKY,DAM,SY-DAMASCUS,Syria,DMS,250801000069.0,"10,540.02","2,436.62",0.00,"5,970.00",18946.64,,,0.0,Detail,"2025,,,,,,,,,,,,,,,","08,,,,,,,,,,,,,,,"
AUH3,PALM OASIS,AUH,AE-ABUDHABI,United Arab Emirates,AUH,250801000116.0,"5,509.97","1,197.85",186.24,"5,205.00",12099.06,,,0.0,Detail,"2025,,,,,,,,,,,,,,,","08,,,,,,,,,,,,,,,"
KWI7,ALSSAFA,KWI,KW-KUWAIT,Kuwait,KWT,250801000114.0,"2,582.28",573.64,194.82,"2,174.75",5525.49,,,0.0,Detail,"2025,,,,,,,,,,,,,,,","08,,,,,,,,,,,,,,,"
DAM203,ALANWAR,DAM,SY-DAMASCUS,Syria,DMS,250801000022.0,143.00,28.71,0.00,75.00,246.71,,,0.0,Detail,"2025,,,,,,,,,,,,,,,","08,,,,,,,,,,,,,,,"
DXB63,ZANOBIA TOURISM,DXB,AE-DUBAI,United Arab Emirates,DXB,250801000012.0,"5,791.94",730.56,7.91,"3,060.00",9590.41,,,0.0,Detail,"2025,,,,,,,,,,,,,,,","08,,,,,,,,,,,,,,,"
DXB60,ALAM MARIA TRAVEL AND TOURISM LLLC,DXB,AE-DUBAI,United Arab Emirates,DXB,250801000068.0,"4,363.04","1,967.99",40.88,"7,470.00",13841.91,,,0.0,Detail,"2025,,,,,,,,,,,,,,,","08,,,,,,,,,,,,,,,"
DXB53,SKY MASTER TRAVEL LLC,DXB,AE-DUBAI,United Arab Emirates,DXB,250801000101.0,"4,729.20","1,846.65",308.13,"6,255.00",13138.98,,,0.0,Detail,"2025,,,,,,,,,,,,,,,","08,,,,,,,,,,,,,,,"
DXB33,WL T TRAVEL AND TOURISM,DXB,AE-DUBAI,United Arab Emirates,DXB,250801000067.0,"13,750.36","6,486.37",204.40,"23,610.00",44051.13,,,0.0,Detail,"2025,,,,,,,,,,,,,,,","08,,,,,,,,,,,,,,,"
DXB43,RAMAT TRAVEL AND TOURISM DXB,DXB,AE-DUBAI,United Arab Emirates,DXB,250801000031.0,"5,815.86","1,776.82",371.76,"6,719.98",14684.42,,,0.0,Detail,"2025,,,,,,,,,,,,,,,","08,,,,,,,,,,,,,,,"
KWI15,FEMEX,KWI,KW-KUWAIT,Kuwait,KWT,250801000047.0,"11,884.59","2,408.70",237.35,"10,199.75",24730.39,,,0.0,Detail,"2025,,,,,,,,,,,,,,,","08,,,,,,,,,,,,,,,"
DAM188,aldawlyusd,DAM,SY-DAMASCUS,Syria,DMS,250801000073.0,"1,811.83",541.16,0.00,"1,650.00",4002.99,,,0.0,Detail,"2025,,,,,,,,,,,,,,,","08,,,,,,,,,,,,,,,"
DXB22,ALAGHARDXB,DXB,AE-DUBAI,United Arab Emirates,DXB,250801000056.0,"2,886.54",502.33,0.00,"1,725.00",5113.87,,,0.0,Detail,"2025,,,,,,,,,,,,,,,","08,,,,,,,,,,,,,,,"
SHJ11,Prive Creative Travel FZE,SHJ,AE-SHARJAH,United Arab Emirates,SHJ,250801000142.0,992.25,96.86,27.25,720.00,1836.36,,,0.0,Detail,"2025,,,,,,,,,,,,,,,","08,,,,,,,,,,,,,,,"
DAM197,babylon usd,DAM,SY-DAMASCUS,Syria,DMS,250801000080.0,128.00,28.18,0.00,75.00,231.18,,,0.0,Detail,"2025,,,,,,,,,,,,,,,","08,,,,,,,,,,,,,,,"
DEZ6,ALNEMR TRAVEL,DEZ,SY-DEREZZOUR,Syria,DMS,250801000120.0,"1,114.50",183.14,0.00,375.00,1672.64,,,0.0,Detail,"2025,,,,,,,,,,,,,,,","08,,,,,,,,,,,,,,,"
KWI30,QGO,KWI,KW-KUWAIT,Kuwait,KWT,250801000139.0,353.10,69.19,0.00,231.50,653.79,,,0.0,Detail,"2025,,,,,,,,,,,,,,,","08,,,,,,,,,,,,,,,"
DAM57,ALAGHAR,DAM,SY-DAMASCUS,Syria,DMS,250801000129.0,"4,424.07","1,223.15",25.00,"3,315.00",8987.22,,,0.0,Detail,"2025,,,,,,,,,,,,,,,","08,,,,,,,,,,,,,,,"
KWI28,EJAZA CLUB,KWI,KW-KUWAIT,Kuwait,KWT,250801000169.0,"26,591.92","5,625.59",845.95,"21,533.75",54597.21,,,0.0,Detail,"2025,,,,,,,,,,,,,,,","08,,,,,,,,,,,,,,,"
DAM193,yas usd,DAM,SY-DAMASCUS,Syria,DMS,250801000074.0,"3,934.27","1,042.21",90.00,"3,105.00",8171.48,,,0.0,Detail,"2025,,,,,,,,,,,,,,,","08,,,,,,,,,,,,,,,"
KWI31,AZYAN TRAVEL & TOURISM,KWI,KW-KUWAIT,Kuwait,KWT,250801000119.0,"3,926.59",746.23,0.00,"2,091.50",6764.32,,,0.0,Detail,"2025,,,,,,,,,,,,,,,","08,,,,,,,,,,,,,,,"
DAM207,world link usd,DAM,SY-DAMASCUS,Syria,DMS,250801000044.0,687.50,170.85,0.00,540.00,1398.35,,,0.0,Detail,"2025,,,,,,,,,,,,,,,","08,,,,,,,,,,,,,,,"
GSA15,alshahin travel & tourism,RUH,SA-RIYADH,Saudi Arabia,KSA,250801000032.0,"75,827.46","17,298.54",573.05,"43,257.75",136956.8,,,0.0,Detail,"2025,,,,,,,,,,,,,,,","08,,,,,,,,,,,,,,,"
DAM98,ASLAN,DAM,SY-DAMASCUS,Syria,DMS,250801000166.0,"19,533.28","4,846.63",25.00,"15,213.25",39618.16,,,0.0,Detail,"2025,,,,,,,,,,,,,,,","08,,,,,,,,,,,,,,,"
DAM67,ALDAWLY,DAM,SY-DAMASCUS,Syria,DMS,250801000113.0,"10,376.26","2,552.93",0.00,"5,976.50",18905.69,,,0.0,Detail,"2025,,,,,,,,,,,,,,,","08,,,,,,,,,,,,,,,"
QSW4,SAMA ALOPHOQ,QSW,SY-SWEIDAA,Syria,DMS,250801000130.0,756.55,173.80,0.00,510.00,1440.35,,,0.0,Detail,"2025,,,,,,,,,,,,,,,","08,,,,,,,,,,,,,,,"
QHM13,AL asal usd,QHM,SY-HAMA,Syria,DMS,250801000042.0,"1,366.75",312.08,0.00,825.00,2503.83,,,0.0,Detail,"2025,,,,,,,,,,,,,,,","08,,,,,,,,,,,,,,,"
IST3,moto tour,IST,tr-istanbul,Turkey,IST,250801000034.0,"2,215.20",571.03,30.00,"1,905.00",4721.23,,,0.0,Detail,"2025,,,,,,,,,,,,,,,","08,,,,,,,,,,,,,,,"
DXB25,TOMEH,DXB,AE-DUBAI,United Arab Emirates,DXB,250801000057.0,"1,013.90",495.15,130.88,"1,740.00",3379.93,,,0.0,Detail,"2025,,,,,,,,,,,,,,,","08,,,,,,,,,,,,,,,"
DAM100,ALTAHADI,DAM,SY-DAMASCUS,Syria,DMS,250801000050.0,"1,149.90",217.26,0.00,450.00,1817.16,,,0.0,Detail,"2025,,,,,,,,,,,,,,,","08,,,,,,,,,,,,,,,"
AAN2,SAMA AUH,AUH,AE-ABUDHABI,United Arab Emirates,AUH,250801000140.0,"1,504.99",474.33,50.00,"2,355.00",4384.32,,,0.0,Detail,"2025,,,,,,,,,,,,,,,","08,,,,,,,,,,,,,,,"
DAM56,ALSAYED,DAM,SY-DAMASCUS,Syria,DMS,250801000004.0,999.00,179.10,0.00,375.00,1553.1,,,0.0,Detail,"2025,,,,,,,,,,,,,,,","08,,,,,,,,,,,,,,,"
QHM8,LABABEDI,QHM,SY-HAMA,Syria,DMS,250801000030.0,280.00,97.01,0.00,360.00,737.01,,,0.0,Detail,"2025,,,,,,,,,,,,,,,","08,,,,,,,,,,,,,,,"
GSA3,Orient Travels,SHJ,AE-SHARJAH,United Arab Emirates,SHJ,250801000082.0,"19,400.77","8,756.53","1,492.49","33,076.96",62726.62,,,0.0,Detail,"2025,,,,,,,,,,,,,,,","08,,,,,,,,,,,,,,,"
DAM54,SUN LIGHT,DAM,SY-DAMASCUS,Syria,DMS,250801000087.0,"2,462.50",450.40,100.00,"1,230.00",4242.9,,,0.0,Detail,"2025,,,,,,,,,,,,,,,","08,,,,,,,,,,,,,,,"
DXB12,TRANSTOUR,DXB,AE-DUBAI,United Arab Emirates,DXB,250801000007.0,"3,718.00","1,196.44",130.88,"4,470.00",9515.32,,,0.0,Detail,"2025,,,,,,,,,,,,,,,","08,,,,,,,,,,,,,,,"
DAM146,ALHASHIME INTRNATIONAL,DAM,SY-DAMASCUS,Syria,DMS,250801000141.0,"12,950.88","3,055.36",95.50,"9,885.00",25986.74,,,0.0,Detail,"2025,,,,,,,,,,,,,,,","08,,,,,,,,,,,,,,,"
DAM195,shilan usd,DAM,SY-DAMASCUS,Syria,DMS,250801000109.0,189.90,54.05,0.00,150.00,393.95,,,0.0,Detail,"2025,,,,,,,,,,,,,,,","08,,,,,,,,,,,,,,,"
SHJ9,DURAH,SHJ,AE-SHARJAH,United Arab Emirates,SHJ,250801000058.0,417.30,322.66,0.00,"1,380.00",2119.96,,,0.0,Detail,"2025,,,,,,,,,,,,,,,","08,,,,,,,,,,,,,,,"
KWI11,ALSAQR ALOLA,KWI,KW-KUWAIT,Kuwait,KWT,250801000157.0,"1,940.74",514.39,32.47,"1,922.50",4410.1,,,0.0,Detail,"2025,,,,,,,,,,,,,,,","08,,,,,,,,,,,,,,,"
AUH9,MESBAR ALSAADAH,AUH,AE-ABUDHABI,United Arab Emirates,AUH,250801000092.0,79.30,62.13,0.00,240.00,381.43,,,0.0,Detail,"2025,,,,,,,,,,,,,,,","08,,,,,,,,,,,,,,,"
AUH21,DESTINATIONS OF THE WOELD TRAVEL&TOURISM LLC,AUH,AE-ABUDHABI,United Arab Emirates,AUH,250801000064.0,489.90,229.42,0.00,"1,440.00",2159.32,,,0.0,Detail,"2025,,,,,,,,,,,,,,,","08,,,,,,,,,,,,,,,"
DAM198,aslan usd,DAM,SY-DAMASCUS,Syria,DMS,250801000078.0,"2,528.56",576.83,0.00,"1,680.00",4785.39,,,0.0,Detail,"2025,,,,,,,,,,,,,,,","08,,,,,,,,,,,,,,,"
DXB83,tariq alkaiser travel,DXB,AE-DUBAI,United Arab Emirates,DXB,250801000043.0,"1,055.68",288.85,0.00,"1,275.00",2619.53,,,0.0,Detail,"2025,,,,,,,,,,,,,,,","08,,,,,,,,,,,,,,,"
ALP4,ALMALLA,ALP,SY-ALEPPO,Syria,DMS,250801000036.0,"2,692.90",582.68,0.00,"1,725.00",5000.58,,,0.0,Detail,"2025,,,,,,,,,,,,,,,","08,,,,,,,,,,,,,,,"
DAM159,AUNAK,DAM,SY-DAMASCUS,Syria,DMS,250801000146.0,261.00,34.21,0.00,120.00,415.21,,,0.0,Detail,"2025,,,,,,,,,,,,,,,","08,,,,,,,,,,,,,,,"
DAM25,LAYAL TRAVEL,QHS,SY-HOMS,Syria,DMS,250801000155.0,"7,209.77","1,924.91",50.00,"5,535.00",14719.68,,,0.0,Detail,"2025,,,,,,,,,,,,,,,","08,,,,,,,,,,,,,,,"
IST8,kral,IST,tr-istanbul,Turkey,IST,250801000106.0,"2,505.60",636.49,60.00,"1,830.00",5032.09,,,0.0,Detail,"2025,,,,,,,,,,,,,,,","08,,,,,,,,,,,,,,,"
QHM4,ALBAZ,QHM,SY-HAMA,Syria,DMS,250801000131.0,"4,031.03","1,195.46",25.00,"3,210.00",8461.49,,,0.0,Detail,"2025,,,,,,,,,,,,,,,","08,,,,,,,,,,,,,,,"
LTK3,ALTABBA,LTK,SY-LATTAKIA,Syria,DMS,250801000001.0,935.00,331.44,0.00,"1,200.00",2466.44,,,0.0,Detail,"2025,,,,,,,,,,,,,,,","08,,,,,,,,,,,,,,,"
SHJ6,AL FAISAL TRAVEL AGENCY,SHJ,AE-SHARJAH,United Arab Emirates,SHJ,250801000093.0,-10.82,120.23,-408.72,"1,020.00",720.69,,,0.0,Detail,"2025,,,,,,,,,,,,,,,","08,,,,,,,,,,,,,,,"
DAM194,taj almasa usd,DAM,SY-DAMASCUS,Syria,DMS,250801000125.0,"7,334.45","1,745.93",-60.00,"4,980.00",14000.38,,,0.0,Detail,"2025,,,,,,,,,,,,,,,","08,,,,,,,,,,,,,,,"
DAM177,FORSAN ALSHAM,DAM,SY-DAMASCUS,Syria,DMS,250801000039.0,213.00,56.96,0.00,150.00,419.96,,,0.0,Detail,"2025,,,,,,,,,,,,,,,","08,,,,,,,,,,,,,,,"
AUH32,FIVE G travel,AUH,AE-ABUDHABI,United Arab Emirates,AUH,250801000152.0,74.00,25.06,0.00,180.00,279.06,,,0.0,Detail,"2025,,,,,,,,,,,,,,,","08,,,,,,,,,,,,,,,"
DXB68,DAR AL SHAM TRAVEL AND TOURISM LLC,DXB,AE-DUBAI,United Arab Emirates,DXB,250801000038.0,"1,612.66","1,310.89",109.01,"4,560.00",7592.56,,,0.0,Detail,"2025,,,,,,,,,,,,,,,","08,,,,,,,,,,,,,,,"
AUH22,OK TRAVELS AND TOURISM LLC,AUH,AE-ABUDHABI,United Arab Emirates,AUH,250801000009.0,20.00,37.07,0.00,120.00,177.07,,,0.0,Detail,"2025,,,,,,,,,,,,,,,","08,,,,,,,,,,,,,,,"
SHJ13,W T TOURISM AND TRAVL,SHJ,AE-SHARJAH,United Arab Emirates,SHJ,250801000105.0,"9,996.65","4,216.48",-305.24,"16,078.48",29986.37,,,0.0,Detail,"2025,,,,,,,,,,,,,,,","08,,,,,,,,,,,,,,,"
QHM7,ASAL,QHM,SY-HAMA,Syria,DMS,250801000037.0,74.00,27.66,0.00,120.00,221.66,,,0.0,Detail,"2025,,,,,,,,,,,,,,,","08,,,,,,,,,,,,,,,"
QHM5,SAMA ALFARES,QHM,SY-HAMA,Syria,DMS,250801000162.0,"1,775.00",582.68,0.00,"2,070.00",4427.68,,,0.0,Detail,"2025,,,,,,,,,,,,,,,","08,,,,,,,,,,,,,,,"
DXB78,ALWATHEQ TRAVEL AND TOURISM LLC,DXB,AE-DUBAI,United Arab Emirates,DXB,250801000070.0,232.00,62.13,0.00,300.00,594.13,,,0.0,Detail,"2025,,,,,,,,,,,,,,,","08,,,,,,,,,,,,,,,"
IST18,TIO elsultan travel,IST,tr-istanbul,Turkey,IST,250801000173.0,"2,120.50",406.47,0.00,"1,200.00",3726.97,,,0.0,Detail,"2025,,,,,,,,,,,,,,,","08,,,,,,,,,,,,,,,"
QAJ2,MAJD,QAJ,AE-AJMAN,United Arab Emirates,QAJ,250801000096.0,"7,543.33","3,085.33",204.38,"12,390.00",23223.04,,,0.0,Detail,"2025,,,,,,,,,,,,,,,","08,,,,,,,,,,,,,,,"
DXB10,AIRLINK INTERNATIONAL UAE,DXB,AE-DUBAI,United Arab Emirates,DXB,250801000091.0,272.91,25.20,0.00,180.00,478.11,,,0.0,Detail,"2025,,,,,,,,,,,,,,,","08,,,,,,,,,,,,,,,"
DAM73,ALRASSAM,DAM,SY-DAMASCUS,Syria,DMS,250801000088.0,"3,707.85","1,175.81",50.00,"3,660.00",8593.66,,,0.0,Detail,"2025,,,,,,,,,,,,,,,","08,,,,,,,,,,,,,,,"
DXB9,ASSIL TRAVEL & TOURISM LLC,DXB,AE-DUBAI,United Arab Emirates,DXB,250801000008.0,"6,036.21","2,734.22",213.64,"9,810.00",18794.07,,,0.0,Detail,"2025,,,,,,,,,,,,,,,","08,,,,,,,,,,,,,,,"
AUH7,ALFAYHAA,AUH,AE-ABUDHABI,United Arab Emirates,AUH,250801000095.0,"1,712.30",420.25,125.00,"1,710.00",3967.55,,,0.0,Detail,"2025,,,,,,,,,,,,,,,","08,,,,,,,,,,,,,,,"
DXB18,ALTAHADI DXB,DXB,AE-DUBAI,United Arab Emirates,DXB,250801000026.0,186.46,37.07,0.00,120.00,343.53,,,0.0,Detail,"2025,,,,,,,,,,,,,,,","08,,,,,,,,,,,,,,,"
DXB49,SAMAALOPHOQ TRAVEL & TOURISM,DXB,AE-DUBAI,United Arab Emirates,DXB,250801000098.0,458.24,305.58,52.25,"1,200.00",2016.07,,,0.0,Detail,"2025,,,,,,,,,,,,,,,","08,,,,,,,,,,,,,,,"
DAM32,ALSHRIAA,QHM,SY-HAMA,Syria,DMS,250801000002.0,"3,512.33",788.01,25.00,"2,370.00",6695.34,,,0.0,Detail,"2025,,,,,,,,,,,,,,,","08,,,,,,,,,,,,,,,"
QHS2,ILIAD,QHS,SY-HOMS,Syria,DMS,250801000090.0,275.63,85.42,0.00,225.00,586.05,,,0.0,Detail,"2025,,,,,,,,,,,,,,,","08,,,,,,,,,,,,,,,"
KWI3,ALAJWA,KWI,KW-KUWAIT,Kuwait,KWT,250801000111.0,238.00,49.69,0.00,153.25,440.94,,,0.0,Detail,"2025,,,,,,,,,,,,,,,","08,,,,,,,,,,,,,,,"
DAM122,TAJ ALMASA,DAM,SY-DAMASCUS,Syria,DMS,250801000010.0,"19,029.10","5,262.27",50.00,"13,800.00",38141.37,,,0.0,Detail,"2025,,,,,,,,,,,,,,,","08,,,,,,,,,,,,,,,"
DAM192,gilgamesh diamond,DAM,SY-DAMASCUS,Syria,DMS,250801000018.0,"3,675.06","1,056.39",9.00,"3,345.00",8085.45,,,0.0,Detail,"2025,,,,,,,,,,,,,,,","08,,,,,,,,,,,,,,,"
DAM201,alshaheen usd,DAM,SY-DAMASCUS,Syria,DMS,250801000019.0,398.70,134.57,0.00,375.00,908.27,,,0.0,Detail,"2025,,,,,,,,,,,,,,,","08,,,,,,,,,,,,,,,"
LTK13,altabba usd,LTK,SY-LATTAKIA,Syria,DMS,250801000014.0,425.25,196.26,0.00,720.00,1341.51,,,0.0,Detail,"2025,,,,,,,,,,,,,,,","08,,,,,,,,,,,,,,,"
IST17,bon voyage,IST,tr-istanbul,Turkey,IST,250801000013.0,"1,534.20",361.20,0.00,"1,050.00",2945.4,,,0.0,Detail,"2025,,,,,,,,,,,,,,,","08,,,,,,,,,,,,,,,"
DXB61,RAHLAT MOHTARIF TRAVEL AGENCY LLC,DXB,AE-DUBAI,United Arab Emirates,DXB,250801000168.0,"2,094.25",782.19,0.00,"2,760.00",5636.44,,,0.0,Detail,"2025,,,,,,,,,,,,,,,","08,,,,,,,,,,,,,,,"
DAM189,mawakeb alsharq usd,DAM,SY-DAMASCUS,Syria,DMS,250801000180.0,"2,169.17",562.34,120.00,"1,710.00",4561.51,,,0.0,Detail,"2025,,,,,,,,,,,,,,,","08,,,,,,,,,,,,,,,"
GSA2,RB GSA ALGHAITH AND ALMOUSA TA,DXB,AE-DUBAI,United Arab Emirates,DXB,250801000045.0,"32,314.37","10,841.17",634.98,"41,502.95",85293.47,,,0.0,Detail,"2025,,,,,,,,,,,,,,,","08,,,,,,,,,,,,,,,"
IST2,esb travel,IST,tr-istanbul,Turkey,IST,250801000174.0,759.00,174.27,0.00,525.00,1458.27,,,0.0,Detail,"2025,,,,,,,,,,,,,,,","08,,,,,,,,,,,,,,,"
DXB79,YARA DEEB TRAVEL AGENCY LLC,DXB,AE-DUBAI,United Arab Emirates,DXB,250801000177.0,"2,032.61","1,051.74",149.88,"4,281.75",7515.98,,,0.0,Detail,"2025,,,,,,,,,,,,,,,","08,,,,,,,,,,,,,,,"
DAM43,SYRIAN TRAVEL & TOURISM AGENCY,DAM,SY-DAMASCUS,Syria,DMS,250801000110.0,"53,917.03","14,445.49",875.00,"39,563.50",108801.02,,,0.0,Detail,"2025,,,,,,,,,,,,,,,","08,,,,,,,,,,,,,,,"
DXB27,LAZURDE,DXB,AE-DUBAI,United Arab Emirates,DXB,250801000066.0,740.82,602.90,-422.36,"2,201.98",3123.34,,,0.0,Detail,"2025,,,,,,,,,,,,,,,","08,,,,,,,,,,,,,,,"
DXB23,PALMYRADXB,DXB,AE-DUBAI,United Arab Emirates,DXB,250801000183.0,-885.96,-51.22,0.00,-120.00,-1057.18,,,0.0,Detail,"2025,,,,,,,,,,,,,,,","08,,,,,,,,,,,,,,,"
AUH16,ATLAS,AUH,AE-ABUDHABI,United Arab Emirates,AUH,250801000059.0,274.07,87.19,0.00,420.00,781.26,,,0.0,Detail,"2025,,,,,,,,,,,,,,,","08,,,,,,,,,,,,,,,"
DXB84,AL MUTAMYZON TRAVEL AND TOURISM,DXB,AE-DUBAI,United Arab Emirates,DXB,250801000016.0,286.00,62.13,0.00,300.00,648.13,,,0.0,Detail,"2025,,,,,,,,,,,,,,,","08,,,,,,,,,,,,,,,"
GSA7,SALEM TRAVEL AGENCY,AUH,AE-ABUDHABI,United Arab Emirates,AUH,250801000081.0,"18,669.01","7,200.16",421.72,"27,074.88",53365.77,,,0.0,Detail,"2025,,,,,,,,,,,,,,,","08,,,,,,,,,,,,,,,"
DAM186,syrian travel &touriisim usd,DAM,SY-DAMASCUS,Syria,DMS,250801000178.0,"50,967.84","12,878.77",520.00,"37,275.00",101641.61,,,0.0,Detail,"2025,,,,,,,,,,,,,,,","08,,,,,,,,,,,,,,,"
AUH11,GOLDEN LINK,AUH,AE-ABUDHABI,United Arab Emirates,AUH,250801000167.0,733.26,87.47,0.00,480.00,1300.73,,,0.0,Detail,"2025,,,,,,,,,,,,,,,","08,,,,,,,,,,,,,,,"
DXB37,WAHET ALALMAS TRAVEL AGENCY,DXB,AE-DUBAI,United Arab Emirates,DXB,250801000060.0,99.30,99.20,0.00,360.00,558.5,,,0.0,Detail,"2025,,,,,,,,,,,,,,,","08,,,,,,,,,,,,,,,"
LTK6,ZOUHAL TRAVEL,LTK,SY-LATTAKIA,Syria,DMS,250801000099.0,"1,229.48",260.12,0.00,690.00,2179.6,,,0.0,Detail,"2025,,,,,,,,,,,,,,,","08,,,,,,,,,,,,,,,"
AUH6,TAJWAL,AUH,AE-ABUDHABI,United Arab Emirates,AUH,250801000184.0,-676.48,-74.14,0.00,-240.00,-990.62,,,0.0,Detail,"2025,,,,,,,,,,,,,,,","08,,,,,,,,,,,,,,,"
DEZ4,ATIEA,DEZ,SY-DEREZZOUR,Syria,DMS,250801000134.0,74.00,27.66,0.00,120.00,221.66,,,0.0,Detail,"2025,,,,,,,,,,,,,,,","08,,,,,,,,,,,,,,,"
DXB70,ALASAL TOURISM & TRAVEL LLC,DXB,AE-DUBAI,United Arab Emirates,DXB,250801000041.0,"4,902.45","1,619.75",33.65,"5,648.34",12204.19,,,0.0,Detail,"2025,,,,,,,,,,,,,,,","08,,,,,,,,,,,,,,,"
GSA19,ISTEHKAK FOR TOURISM SERVICES,MJI,Trablous,Libya,MJI,250801000017.0,"10,660.60",140.70,0.00,"3,000.00",13801.3,,,0.0,Detail,"2025,,,,,,,,,,,,,,,","08,,,,,,,,,,,,,,,"
QHM3,ALSHAMALI,QHM,SY-HAMA,Syria,DMS,250801000133.0,"5,230.81","1,308.39",0.00,"3,330.00",9869.2,,,0.0,Detail,"2025,,,,,,,,,,,,,,,","08,,,,,,,,,,,,,,,"
DXB58,PHOENIQ TRAVEL AGENCY LLC,DXB,AE-DUBAI,United Arab Emirates,DXB,250801000102.0,"3,761.31",983.52,40.88,"3,840.00",8625.71,,,0.0,Detail,"2025,,,,,,,,,,,,,,,","08,,,,,,,,,,,,,,,"
DAM69,ORFALI,DAM,SY-DAMASCUS,Syria,DMS,250801000005.0,"1,235.46",373.60,274.81,"1,140.00",3023.87,,,0.0,Detail,"2025,,,,,,,,,,,,,,,","08,,,,,,,,,,,,,,,"
DAM200,jabri usd,DAM,SY-DAMASCUS,Syria,DMS,250801000151.0,"5,020.91","1,412.97",50.00,"4,275.00",10758.88,,,0.0,Detail,"2025,,,,,,,,,,,,,,,","08,,,,,,,,,,,,,,,"
DXB62,SWEN TOURISM,DXB,AE-DUBAI,United Arab Emirates,DXB,250801000062.0,"1,935.59",570.14,0.00,"2,160.00",4665.73,,,0.0,Detail,"2025,,,,,,,,,,,,,,,","08,,,,,,,,,,,,,,,"
DAM190,syria link usd,DAM,SY-DAMASCUS,Syria,DMS,250801000072.0,"22,095.14","5,680.96",150.00,"16,635.00",44561.1,,,0.0,Detail,"2025,,,,,,,,,,,,,,,","08,,,,,,,,,,,,,,,"
DXB71,SURIANA TOURS & TRAVEL LLC,DXB,AE-DUBAI,United Arab Emirates,DXB,250801000145.0,"2,266.39","1,497.67",27.25,"5,760.00",9551.31,,,0.0,Detail,"2025,,,,,,,,,,,,,,,","08,,,,,,,,,,,,,,,"
IST11,art of travel,IST,tr-istanbul,Turkey,IST,250801000126.0,"22,823.30","4,533.78",360.00,"13,425.00",41142.08,,,0.0,Detail,"2025,,,,,,,,,,,,,,,","08,,,,,,,,,,,,,,,"
DAM114,BLUE SUN,DAM,SY-DAMASCUS,Syria,DMS,250801000182.0,-184.00,-31.51,0.00,-120.00,-335.51,,,0.0,Detail,"2025,,,,,,,,,,,,,,,","08,,,,,,,,,,,,,,,"
DXB44,AL ZAMEL TRAVEL & TOURISM,DXB,AE-DUBAI,United Arab Emirates,DXB,250801000137.0,"1,381.81",454.68,13.65,"1,980.00",3830.14,,,0.0,Detail,"2025,,,,,,,,,,,,,,,","08,,,,,,,,,,,,,,,"
IST5,hamdan group,IST,tr-istanbul,Turkey,IST,250801000124.0,"7,939.45","1,624.61",660.00,"4,800.00",15024.06,,,0.0,Detail,"2025,,,,,,,,,,,,,,,","08,,,,,,,,,,,,,,,"
IST15,Tuba,IST,tr-istanbul,Turkey,IST,250801000040.0,"4,480.25",969.85,0.00,"2,850.00",8300.1,,,0.0,Detail,"2025,,,,,,,,,,,,,,,","08,,,,,,,,,,,,,,,"
IST16,top torch,IST,tr-istanbul,Turkey,IST,250801000176.0,"1,048.75",232.20,30.00,675.00,1985.95,,,0.0,Detail,"2025,,,,,,,,,,,,,,,","08,,,,,,,,,,,,,,,"
DXB11,PACK & GO TRAVEL TOURISM LLC,DXB,AE-DUBAI,United Arab Emirates,DXB,250801000159.0,"2,938.41",978.39,0.00,"3,885.00",7801.8,,,0.0,Detail,"2025,,,,,,,,,,,,,,,","08,,,,,,,,,,,,,,,"
DAM102,YAS,DAM,SY-DAMASCUS,Syria,DMS,250801000089.0,"4,152.33","1,013.37",0.00,"3,300.00",8465.7,,,0.0,Detail,"2025,,,,,,,,,,,,,,,","08,,,,,,,,,,,,,,,"
KWI35,Al Jazeera international travel & tourism,KWI,KW-KUWAIT,Kuwait,KWT,250801000147.0,"10,753.37","2,213.07",50.00,"8,823.75",21840.19,,,0.0,Detail,"2025,,,,,,,,,,,,,,,","08,,,,,,,,,,,,,,,"
DXB32,Dubai link tours,DXB,AE-DUBAI,United Arab Emirates,DXB,250801000011.0,20.00,37.07,0.00,120.00,177.07,,,0.0,Detail,"2025,,,,,,,,,,,,,,,","08,,,,,,,,,,,,,,,"
DXB16,AYAVA,DXB,AE-DUBAI,United Arab Emirates,DXB,250801000163.0,260.46,62.13,0.00,240.00,562.59,,,0.0,Detail,"2025,,,,,,,,,,,,,,,","08,,,,,,,,,,,,,,,"
KWI12,ALATHEER,KWI,KW-KUWAIT,Kuwait,KWT,250801000084.0,197.40,39.00,0.00,156.50,392.9,,,0.0,Detail,"2025,,,,,,,,,,,,,,,","08,,,,,,,,,,,,,,,"
SHJ10,Sky Dreams LLC,SHJ,AE-SHARJAH,United Arab Emirates,SHJ,250801000171.0,577.88,346.68,27.25,"1,200.00",2151.81,,,0.0,Detail,"2025,,,,,,,,,,,,,,,","08,,,,,,,,,,,,,,,"
KWI29,ALSAYED KWI,KWI,KW-KUWAIT,Kuwait,KWT,250801000138.0,"14,444.09","3,073.18",319.76,"11,999.00",29836.03,,,0.0,Detail,"2025,,,,,,,,,,,,,,,","08,,,,,,,,,,,,,,,"
SHJ8,PETRA,SHJ,AE-SHARJAH,United Arab Emirates,SHJ,250801000094.0,"1,070.44",211.45,0.00,900.00,2181.89,,,0.0,Detail,"2025,,,,,,,,,,,,,,,","08,,,,,,,,,,,,,,,"
AUH5,MAKAREM,AUH,AE-ABUDHABI,United Arab Emirates,AUH,250801000132.0,"2,608.46",717.40,0.00,"3,000.00",6325.86,,,0.0,Detail,"2025,,,,,,,,,,,,,,,","08,,,,,,,,,,,,,,,"
DAM110,BABYLON,DAM,SY-DAMASCUS,Syria,DMS,250801000181.0,-193.52,-35.83,0.00,-75.00,-304.35,,,0.0,Detail,"2025,,,,,,,,,,,,,,,","08,,,,,,,,,,,,,,,"
IST14,Nevada Turizm,IST,tr-istanbul,Turkey,IST,250801000127.0,"7,299.30","1,571.32",60.00,"4,575.00",13505.62,,,0.0,Detail,"2025,,,,,,,,,,,,,,,","08,,,,,,,,,,,,,,,"
DXB20,ELAF,DXB,AE-DUBAI,United Arab Emirates,DXB,250801000164.0,"10,131.93","5,765.06",340.77,"23,314.89",39552.65,,,0.0,Detail,"2025,,,,,,,,,,,,,,,","08,,,,,,,,,,,,,,,"
DXB15,NARJIS,DXB,AE-DUBAI,United Arab Emirates,DXB,250801000161.0,994.04,113.73,0.00,450.00,1557.77,,,0.0,Detail,"2025,,,,,,,,,,,,,,,","08,,,,,,,,,,,,,,,"
DAM118,ADVANCED,DAM,SY-DAMASCUS,Syria,DMS,250801000052.0,860.48,135.64,0.00,300.00,1296.12,,,0.0,Detail,"2025,,,,,,,,,,,,,,,","08,,,,,,,,,,,,,,,"
DXB39,TAJ ALSHAM FOR TOURISM LLC DXB,DXB,AE-DUBAI,United Arab Emirates,DXB,250801000170.0,"1,110.00",274.18,30.00,"1,020.00",2434.18,,,0.0,Detail,"2025,,,,,,,,,,,,,,,","08,,,,,,,,,,,,,,,"
IST4,ila tourism,IST,tr-istanbul,Turkey,IST,250801000123.0,190.90,49.49,0.00,210.00,450.39,,,0.0,Detail,"2025,,,,,,,,,,,,,,,","08,,,,,,,,,,,,,,,"
QHS3,ALMOHTARIF,QHS,SY-HOMS,Syria,DMS,250801000160.0,"2,250.88",455.29,0.00,"1,485.00",4191.17,,,0.0,Detail,"2025,,,,,,,,,,,,,,,","08,,,,,,,,,,,,,,,"
IST1,road makers travel tourism,IST,tr-istanbul,Turkey,IST,250801000153.0,"4,918.50","1,086.61",150.00,"3,150.00",9305.11,,,0.0,Detail,"2025,,,,,,,,,,,,,,,","08,,,,,,,,,,,,,,,"
KWI10,ALKHALIJIA,KWI,KW-KUWAIT,Kuwait,KWT,250801000112.0,"5,691.59","1,220.66",32.47,"5,067.50",12012.22,,,0.0,Detail,"2025,,,,,,,,,,,,,,,","08,,,,,,,,,,,,,,,"
QHM6,ALASAL,QHM,SY-HAMA,Syria,DMS,250801000051.0,"4,867.21","1,316.18",0.00,"3,990.00",10173.39,,,0.0,Detail,"2025,,,,,,,,,,,,,,,","08,,,,,,,,,,,,,,,"
DAM48,MOUNTAIN ROSE,DAM,SY-DAMASCUS,Syria,DMS,250801000003.0,719.26,221.10,0.00,540.00,1480.36,,,0.0,Detail,"2025,,,,,,,,,,,,,,,","08,,,,,,,,,,,,,,,"
DAM50,URJUWAN,DAM,SY-DAMASCUS,Syria,DMS,250801000086.0,48.00,0.00,0.00,0.00,48.0,,,0.0,Detail,"2025,,,,,,,,,,,,,,,","08,,,,,,,,,,,,,,,"
QAJ4,ALTAYAR,QAJ,AE-AJMAN,United Arab Emirates,QAJ,250801000135.0,230.30,259.49,0.00,840.00,1329.79,,,0.0,Detail,"2025,,,,,,,,,,,,,,,","08,,,,,,,,,,,,,,,"
DAM63,ALSHAHEEN,DAM,SY-DAMASCUS,Syria,DMS,250801000156.0,"1,762.42",408.07,0.00,"1,050.00",3220.49,,,0.0,Detail,"2025,,,,,,,,,,,,,,,","08,,,,,,,,,,,,,,,"
DAM187,orfali usd,DAM,SY-DAMASCUS,Syria,DMS,250801000104.0,"3,240.44","1,025.05",0.00,"2,805.00",7070.49,,,0.0,Detail,"2025,,,,,,,,,,,,,,,","08,,,,,,,,,,,,,,,"
DXB26,GRANADA GATE,DXB,AE-DUBAI,United Arab Emirates,DXB,250801000136.0,"2,002.20","1,277.21",367.92,"4,740.00",8387.33,,,0.0,Detail,"2025,,,,,,,,,,,,,,,","08,,,,,,,,,,,,,,,"
SHJ12,PERFECT TRAVEL,SHJ,AE-SHARJAH,United Arab Emirates,SHJ,250801000149.0,110.30,37.07,0.00,120.00,267.37,,,0.0,Detail,"2025,,,,,,,,,,,,,,,","08,,,,,,,,,,,,,,,"
AUH10,ALMOUED,AUH,AE-ABUDHABI,United Arab Emirates,AUH,250801000055.0,483.18,161.33,0.00,600.00,1244.51,,,0.0,Detail,"2025,,,,,,,,,,,,,,,","08,,,,,,,,,,,,,,,"
IST12,airshad,IST,tr-istanbul,Turkey,IST,250801000144.0,"10,655.55","2,246.82",360.00,"6,600.00",19862.37,,,0.0,Detail,"2025,,,,,,,,,,,,,,,","08,,,,,,,,,,,,,,,"
IST7,experts,IST,tr-istanbul,Turkey,IST,250801000172.0,"11,432.42","2,414.75",210.00,"7,125.00",21182.17,,,0.0,Detail,"2025,,,,,,,,,,,,,,,","08,,,,,,,,,,,,,,,"
QAJ3,UGARIT,QAJ,AE-AJMAN,United Arab Emirates,QAJ,250801000097.0,"1,416.81",521.10,-471.06,"1,484.94",2951.79,,,0.0,Detail,"2025,,,,,,,,,,,,,,,","08,,,,,,,,,,,,,,,"
DAM77,SKY SYRIA,DAM,SY-DAMASCUS,Syria,DMS,250801000048.0,271.90,82.71,0.00,255.00,609.61,,,0.0,Detail,"2025,,,,,,,,,,,,,,,","08,,,,,,,,,,,,,,,"
DAM51,ALMUDIFAH,DAM,SY-DAMASCUS,Syria,DMS,250801000128.0,976.38,240.88,0.00,735.00,1952.26,,,0.0,Detail,"2025,,,,,,,,,,,,,,,","08,,,,,,,,,,,,,,,"
DAM202,gilgamish diamond usd,DAM,SY-DAMASCUS,Syria,DMS,250801000179.0,"1,169.46",305.74,0.00,825.00,2300.2,,,0.0,Detail,"2025,,,,,,,,,,,,,,,","08,,,,,,,,,,,,,,,"
GSA18,SARIGOL TYRIZM -,IST,tr-istanbul,Turkey,IST,250801000015.0,"3,552.80",727.00,180.00,"3,090.00",7549.8,,,0.0,Detail,"2025,,,,,,,,,,,,,,,","08,,,,,,,,,,,,,,,"
DAM162,HAWA BAGHDAD,DAM,SY-DAMASCUS,Syria,DMS,250801000079.0,"1,213.22",280.58,0.00,690.00,2183.8,,,0.0,Detail,"2025,,,,,,,,,,,,,,,","08,,,,,,,,,,,,,,,"
IST6,emir istanbul,IST,tr-istanbul,Turkey,IST,250801000033.0,"16,049.90","3,742.80",270.00,"11,265.00",31327.7,,,0.0,Detail,"2025,,,,,,,,,,,,,,,","08,,,,,,,,,,,,,,,"
DXB73,ARABIAN STAR TOURS LLCDXB,DXB,AE-DUBAI,United Arab Emirates,DXB,250801000122.0,20.00,37.07,0.00,120.00,177.07,,,0.0,Detail,"2025,,,,,,,,,,,,,,,","08,,,,,,,,,,,,,,,"
AUH35,options holidays,AUH,AE-ABUDHABI,United Arab Emirates,AUH,250801000148.0,280.16,62.13,0.00,300.00,642.29,,,0.0,Detail,"2025,,,,,,,,,,,,,,,","08,,,,,,,,,,,,,,,"
GSA8,ANTA Travel & Tourism,QAJ,AE-AJMAN,United Arab Emirates,QAJ,250801000023.0,"48,405.75","21,951.67",699.15,"82,482.56",153539.13,,,0.0,Detail,"2025,,,,,,,,,,,,,,,","08,,,,,,,,,,,,,,,"
SHJ7,JOELLE,SHJ,AE-SHARJAH,United Arab Emirates,SHJ,250801000165.0,"1,775.66",968.58,40.88,"3,660.00",6445.12,,,0.0,Detail,"2025,,,,,,,,,,,,,,,","08,,,,,,,,,,,,,,,"
DXB80,ajnihat alwalid travel and tourism,DXB,AE-DUBAI,United Arab Emirates,DXB,250801000075.0,352.00,113.73,0.00,510.00,975.73,,,0.0,Detail,"2025,,,,,,,,,,,,,,,","08,,,,,,,,,,,,,,,"
DAM29,TAJ ALSHAM,DAM,SY-DAMASCUS,Syria,DMS,250801000035.0,770.25,104.86,0.00,270.00,1145.11,,,0.0,Detail,"2025,,,,,,,,,,,,,,,","08,,,,,,,,,,,,,,,"
LTK5,SKYTRAVELUSD,LTK,SY-LATTAKIA,Syria,DMS,250801000028.0,"6,947.27","1,929.92",0.00,"6,435.00",15312.19,,,0.0,Detail,"2025,,,,,,,,,,,,,,,","08,,,,,,,,,,,,,,,"
DAM87,SHAM WATFEH,DAM,SY-DAMASCUS,Syria,DMS,250801000158.0,"4,720.93","1,062.70",0.00,"2,775.00",8558.63,,,0.0,Detail,"2025,,,,,,,,,,,,,,,","08,,,,,,,,,,,,,,,"
DAM119,SHURBAJI,DAM,SY-DAMASCUS,Syria,DMS,250801000053.0,"15,158.34","3,967.14",-20.00,"11,309.98",30415.46,,,0.0,Detail,"2025,,,,,,,,,,,,,,,","08,,,,,,,,,,,,,,,"
KWI13,ALMALEK ALDAARI,KWI,KW-KUWAIT,Kuwait,KWT,250801000085.0,"37,728.69","8,286.49",811.75,"30,951.75",77778.68,,,0.0,Detail,"2025,,,,,,,,,,,,,,,","08,,,,,,,,,,,,,,,"
GSA10,DOHA OFFICE TRAVEL,DOH,QR-DOHA,Qatar,QAR,250801000154.0,"31,368.90","5,332.60",-130.00,"12,686.15",49162.65,,,0.0,Detail,"2025,,,,,,,,,,,,,,,","08,,,,,,,,,,,,,,,"
DAM44,ALAWABEEN,QHM,SY-HAMA,Syria,DMS,250801000083.0,"3,056.92",742.91,50.00,"1,935.00",5784.83,,,0.0,Detail,"2025,,,,,,,,,,,,,,,","08,,,,,,,,,,,,,,,"
DAM95,SYRIA LINK,DAM,SY-DAMASCUS,Syria,DMS,250801000027.0,"12,773.23","3,413.47",100.00,"9,870.00",26156.7,,,0.0,Detail,"2025,,,,,,,,,,,,,,,","08,,,,,,,,,,,,,,,"
DAM149,SHILAN TRAVEL,DAM,SY-DAMASCUS,Syria,DMS,250801000061.0,"13,563.58","3,754.98",25.00,"11,670.00",29013.56,,,0.0,Detail,"2025,,,,,,,,,,,,,,,","08,,,,,,,,,,,,,,,"
DXB36,DAMA SKY TOURISM,DXB,AE-DUBAI,United Arab Emirates,DXB,250801000063.0,891.55,417.37,40.00,"1,610.00",2958.92,,,0.0,Detail,"2025,,,,,,,,,,,,,,,","08,,,,,,,,,,,,,,,"
IST10,nusuk,IST,tr-istanbul,Turkey,IST,250801000071.0,"5,358.10","1,081.49",0.00,"3,150.00",9589.59,,,0.0,Detail,"2025,,,,,,,,,,,,,,,","08,,,,,,,,,,,,,,,"
DAM26,MAWAKEB ALSHARQ,DAM,SY-DAMASCUS,Syria,DMS,250801000006.0,"2,314.28",780.65,0.00,"2,025.00",5119.93,,,0.0,Detail,"2025,,,,,,,,,,,,,,,","08,,,,,,,,,,,,,,,"
DAM70,MARROTA,DAM,SY-DAMASCUS,Syria,DMS,250801000115.0,"12,964.77","3,061.00",50.00,"7,843.00",23918.77,,,0.0,Detail,"2025,,,,,,,,,,,,,,,","08,,,,,,,,,,,,,,,"
AUH34,enigma fot travel,AUH,AE-ABUDHABI,United Arab Emirates,AUH,250801000150.0,"2,025.51",633.91,40.88,"2,340.00",5040.3,,,0.0,Detail,"2025,,,,,,,,,,,,,,,","08,,,,,,,,,,,,,,,"
QHM12,ALAWABEEN usd,QHM,SY-HAMA,Syria,DMS,250801000021.0,"2,955.40",641.26,0.00,"1,980.00",5576.66,,,0.0,Detail,"2025,,,,,,,,,,,,,,,","08,,,,,,,,,,,,,,,"
DXB48,AL MOUKTAR TRAVEL & TOURISM LLC,DXB,AE-DUBAI,United Arab Emirates,DXB,250801000065.0,"1,080.10","1,645.25",-120.00,"5,640.00",8245.35,,,0.0,Detail,"2025,,,,,,,,,,,,,,,","08,,,,,,,,,,,,,,,"
DAM68,GILGAMISH,DAM,SY-DAMASCUS,Syria,DMS,250801000024.0,"1,919.18",506.66,0.00,"1,635.00",4060.84,,,0.0,Detail,"2025,,,,,,,,,,,,,,,","08,,,,,,,,,,,,,,,"
DXB81,sunchaser travel,DXB,AE-DUBAI,United Arab Emirates,DXB,250801000077.0,"1,049.90",553.75,27.25,"1,815.00",3445.9,,,0.0,Detail,"2025,,,,,,,,,,,,,,,","08,,,,,,,,,,,,,,,"
AUH14,Arabian nights travel,AUH,AE-ABUDHABI,United Arab Emirates,AUH,250801000103.0,70.00,74.14,0.00,240.00,384.14,,,0.0,Detail,"2025,,,,,,,,,,,,,,,","08,,,,,,,,,,,,,,,"
DAM96,MASA,DAM,SY-DAMASCUS,Syria,DMS,250801000049.0,"2,295.60",579.71,75.00,"1,650.00",4600.31,,,0.0,Detail,"2025,,,,,,,,,,,,,,,","08,,,,,,,,,,,,,,,"
LTK7,JALJOUL TRAVEL & TOURISM,LTK,SY-LATTAKIA,Syria,DMS,250801000029.0,182.63,32.78,0.00,75.00,290.41,,,0.0,Detail,"2025,,,,,,,,,,,,,,,","08,,,,,,,,,,,,,,,"
IST9,uranus,IST,tr-istanbul,Turkey,IST,250801000076.0,"9,665.40","2,042.90",180.00,"6,000.00",17888.3,,,0.0,Detail,"2025,,,,,,,,,,,,,,,","08,,,,,,,,,,,,,,,"
DAM199,jabri,DAM,SY-DAMASCUS,Syria,DMS,250801000175.0,"2,528.06",675.91,0.00,"1,800.00",5003.97,,,0.0,Detail,"2025,,,,,,,,,,,,,,,","08,,,,,,,,,,,,,,,"
DXB47,SHARIF HOUSE LLC- FZ,DXB,AE-DUBAI,United Arab Emirates,DXB,250801000100.0,20.00,37.07,0.00,120.00,177.07,,,0.0,Detail,"2025,,,,,,,,,,,,,,,","08,,,,,,,,,,,,,,,"
