,,COMPANY PAYMENTS,,,,,,,,,,
,,Summary Report,,,,,,,,,,
From Date,01/08/2025,,,,,,,,,Report ID,UC_REPM_02,
To Date,31/08/2025,,,,,,,,,Print Date,01/09/2025,
Entity,Reservation,,,,,,,,,Print Time,09:44:47,ZULU
Agent/GSA Code,Agent/GSA Name,Agent IATA ,Account Code,Currency,Fare Amount,Tax Amount,Surcharge Amount,Modify Amount,Payment Amount,Refund Amount,Net Amount,To Detail
AAN2,SAMA AUH,,AUH00013,AED,"8,949.00","3,977.00","17,209.00",0.00,"31,116.00",981.00,"30,135.00",Detail
AAN2,SAMA AUH,,AUH00013,USD,0.00,0.00,0.00,0.00,0.00,0.00,0.00,Detail
ALP1,BAROUN SALES OFFICE,,09632125,SYP,"38,151,692.00","7,256,161.00","19,568,820.00",0.00,"64,976,673.00",0.00,"64,976,673.00",Detail
ALP1,BAROUN SALES OFFICE,,09632125,USD,"1,104.16",360.26,"1,020.00",0.00,"2,484.42",0.00,"2,484.42",Detail
ALP10,ALASAAD,,00218,SYP,"1,735,766.00","322,830.00","829,187.00",0.00,"2,887,783.00",0.00,"2,887,783.00",Detail
ALP2,AZBAKIA SALES OFFICE,,09632114,SYP,"19,385,739.00","3,699,519.00","9,866,759.00",0.00,"52,009,285.00","19,057,268.00","32,952,017.00",Detail
ALP2,AZBAKIA SALES OFFICE,,09632114,USD,"1,342.45",303.08,780.00,0.00,"2,425.53",0.00,"2,425.53",Detail
ALP4,ALMALLA,,00136,SYP,"42,981,209.00","9,571,474.00","27,363,181.00",0.00,"79,915,864.00",0.00,"79,915,864.00",Detail
ALP4,ALMALLA,,00136,USD,0.00,0.00,0.00,0.00,0.00,0.00,0.00,Detail
ALP7,ALEPPO AIRPORT SALES OFFICE,09632140,09632140,SYP,"1,752,349.00","346,600.00","829,188.00",0.00,"2,928,137.00",0.00,"2,928,137.00",Detail
AUH10,ALMOUED,,AUH0006,AED,"2,066.00",824.00,"3,079.00",0.00,"5,969.00",0.00,"5,969.00",Detail
AUH10,ALMOUED,,AUH0006,USD,0.00,0.00,0.00,0.00,0.00,0.00,0.00,Detail
AUH11,GOLDEN LINK,,AUH0008,AED,"3,510.00","1,106.00","4,394.00",0.00,"9,991.00",981.00,"9,010.00",Detail
AUH11,GOLDEN LINK,,AUH0008,USD,0.00,0.00,0.00,0.00,0.00,0.00,0.00,Detail
AUH14,Arabian nights travel,,AUH00023,AED,"1,216.00",366.00,"1,539.00",0.00,"3,121.00",0.00,"3,121.00",Detail
AUH16,ATLAS,,AUH00025,AED,"1,299.00",550.00,"2,420.00",0.00,"4,269.00",0.00,"4,269.00",Detail
AUH21,DESTINATIONS OF THE WOELD TRAVEL&TOURISM LLC,,AUH0026,AED,"2,044.00","1,392.00","7,042.00",0.00,"10,478.00",0.00,"10,478.00",Detail
AUH21,DESTINATIONS OF THE WOELD TRAVEL&TOURISM LLC,,AUH0026,USD,0.00,0.00,0.00,0.00,0.00,0.00,0.00,Detail
AUH22,OK TRAVELS AND TOURISM LLC,,AUH0030,AED,148.00,274.00,878.00,0.00,"1,300.00",0.00,"1,300.00",Detail
AUH26,SATGURU TRAVEL,,auh00033,AED,341.00,229.00,880.00,0.00,"1,450.00",0.00,"1,450.00",Detail
AUH3,PALM OASIS,,AUH0007,AED,"30,112.00","6,085.00","27,884.00",0.00,"64,081.00",0.00,"64,081.00",Detail
AUH3,PALM OASIS,,AUH0007,USD,0.00,0.00,0.00,0.00,0.00,0.00,0.00,Detail
AUH32,FIVE G travel,,0034,AED,272.00,92.00,661.00,0.00,"1,025.00",0.00,"1,025.00",Detail
AUH34,enigma fot travel,,00037,AED,"16,835.00","3,889.00","13,848.00",0.00,"34,572.00",0.00,"34,572.00",Detail
AUH34,enigma fot travel,,00037,USD,0.00,0.00,0.00,0.00,0.00,0.00,0.00,Detail
AUH35,options holidays,,00034,AED,"1,260.00",646.00,"2,416.00",0.00,"4,322.00",0.00,"4,322.00",Detail
AUH5,MAKAREM,,AUH00011,AED,"10,915.00","3,747.00","15,355.00",0.00,"32,226.00","2,723.00","29,503.00",Detail
AUH5,MAKAREM,,AUH00011,USD,0.00,0.00,0.00,0.00,0.00,0.00,0.00,Detail
AUH6,TAJWAL,,AUH0002,AED,"-1,381.00",-180.00,-220.00,0.00,"1,854.00","3,635.00","-1,781.00",Detail
AUH7,ALFAYHAA,,AUH0003,AED,"9,800.00","2,696.00","10,560.00",0.00,"23,056.00",0.00,"23,056.00",Detail
AUH7,ALFAYHAA,,AUH0003,USD,0.00,0.00,0.00,0.00,0.00,0.00,0.00,Detail
AUH9,MESBAR ALSAADAH,,AUH0005,AED,"1,111.00",321.00,"1,539.00",0.00,"2,971.00",0.00,"2,971.00",Detail
DAM10,SALES AUDITING SECTION,,000020,SYP,"-1,499,408,036.00","-308,279,968.00","-970,760,944.00",0.00,0.00,"2,783,700,044.00","-2,783,700,044.00",Detail
DAM100,ALTAHADI,,00195,SYP,"18,959,646.00","4,024,101.00","9,286,901.00",0.00,"32,270,648.00",0.00,"32,270,648.00",Detail
DAM100,ALTAHADI,,00195,USD,0.00,0.00,0.00,0.00,0.00,0.00,0.00,Detail
DAM102,YAS,,00198,SYP,"71,182,980.00","18,494,410.00","57,545,609.00",0.00,"149,950,583.00","2,727,584.00","147,222,999.00",Detail
DAM102,YAS,,00198,USD,0.00,0.00,0.00,0.00,0.00,0.00,0.00,Detail
DAM108,PHOENIX,,00210,USD,0.00,0.00,0.00,0.00,0.00,0.00,0.00,Detail
DAM109,LUXOR,,00211,SYP,"29,750,140.00","11,704,806.00","39,303,488.00",0.00,"80,758,434.00",0.00,"80,758,434.00",Detail
DAM109,LUXOR,,00211,USD,0.00,0.00,0.00,0.00,0.00,0.00,0.00,Detail
DAM110,BABYLON,,00213,SYP,"3,498,950.00","488,226.00","1,824,212.00",0.00,"10,576,230.00","4,764,842.00","5,811,388.00",Detail
DAM110,BABYLON,,00213,USD,0.00,0.00,0.00,0.00,0.00,0.00,0.00,Detail
DAM114,BLUE SUN,,00217,SYP,"-2,034,273.00","-348,369.00","-1,326,700.00",0.00,0.00,"3,709,342.00","-3,709,342.00",Detail
DAM118,ADVANCED,,00226,SYP,"49,836,151.00","12,755,444.00","32,835,823.00",0.00,"95,427,418.00",0.00,"95,427,418.00",Detail
DAM118,ADVANCED,,00226,USD,0.00,0.00,0.00,0.00,0.00,0.00,0.00,Detail
DAM119,SHURBAJI,,00227,SYP,"314,613,934.00","79,220,763.00","235,193,499.00",0.00,"641,824,768.00","14,123,272.00","627,701,496.00",Detail
DAM119,SHURBAJI,,00227,USD,0.00,0.00,0.00,0.00,0.00,0.00,0.00,Detail
DAM122,TAJ ALMASA,,00232,SYP,"400,351,789.00","104,195,215.00","267,164,218.00",0.00,"797,972,913.00","26,261,691.00","771,711,222.00",Detail
DAM122,TAJ ALMASA,,00232,USD,0.00,0.00,0.00,0.00,0.00,0.00,0.00,Detail
DAM146,ALHASHIME INTRNATIONAL,,0079,SYP,"281,853,952.00","65,894,949.00","207,960,219.00",0.00,"571,070,315.00","16,356,220.00","554,714,095.00",Detail
DAM146,ALHASHIME INTRNATIONAL,,0079,USD,0.00,0.00,0.00,0.00,0.00,0.00,0.00,Detail
DAM149,SHILAN TRAVEL,,00244,SYP,"339,433,620.00","85,355,628.00","254,394,734.00",0.00,"706,039,592.00","26,855,610.00","679,183,982.00",Detail
DAM149,SHILAN TRAVEL,,00244,USD,0.00,0.00,0.00,0.00,0.00,0.00,0.00,Detail
DAM156,GOLDEN SKY,,DA149,SYP,"221,778,995.00","49,455,154.00","130,016,592.00",0.00,"401,250,741.00",0.00,"401,250,741.00",Detail
DAM156,GOLDEN SKY,,DA149,USD,0.00,0.00,0.00,0.00,0.00,0.00,0.00,Detail
DAM159,AUNAK,,00152,SYP,"8,258,706.00","1,102,045.00","3,980,100.00",0.00,"13,340,851.00",0.00,"13,340,851.00",Detail
DAM159,AUNAK,,00152,USD,0.00,0.00,0.00,0.00,0.00,0.00,0.00,Detail
DAM162,HAWA BAGHDAD,,0010,SYP,"16,248,758.00","4,179,986.00","11,111,112.00",0.00,"36,576,561.00","5,036,705.00","31,539,856.00",Detail
DAM162,HAWA BAGHDAD,,0010,USD,0.00,0.00,0.00,0.00,0.00,0.00,0.00,Detail
DAM165,AYOUBI,,00158,USD,0.00,0.00,0.00,0.00,0.00,0.00,0.00,Detail
DAM177,FORSAN ALSHAM,,00170,SYP,"2,354,892.00","629,740.00","1,658,375.00",0.00,"4,643,007.00",0.00,"4,643,007.00",Detail
DAM18,call center,,000008,USD,0.00,0.00,0.00,0.00,0.00,0.00,0.00,Detail
DAM181,ALHEMED,,0022,SYP,"2,454,396.00","917,412.00","3,980,100.00",0.00,"7,351,908.00",0.00,"7,351,908.00",Detail
DAM186,syrian travel &touriisim usd,,00200,USD,"98,724.85","23,811.28","68,181.50",0.00,"201,541.34","10,823.71","190,717.63",Detail
DAM187,orfali usd,,000201,USD,"5,322.72","1,572.77","4,230.00",0.00,"11,386.69",261.20,"11,125.49",Detail
DAM188,aldawlyusd,,00202,USD,"3,447.96",943.28,"2,880.00",0.00,"8,424.60","1,153.36","7,271.24",Detail
DAM189,mawakeb alsharq usd,,00203,USD,"4,307.99","1,059.22","2,985.00",0.00,"8,779.76",427.55,"8,352.21",Detail
DAM190,syria link usd,,00204,USD,"36,849.10","9,291.06","26,820.00",0.00,"74,850.38","1,890.22","72,960.16",Detail
DAM192,gilgamesh diamond,,00208,SYP,"73,169,376.00","18,189,048.00","54,560,536.00",0.00,"145,918,960.00",0.00,"145,918,960.00",Detail
DAM192,gilgamesh diamond,,00208,USD,0.00,0.00,0.00,0.00,0.00,0.00,0.00,Detail
DAM193,yas usd,,00209,USD,"6,503.18","1,511.43","4,230.00",0.00,"12,244.61",0.00,"12,244.61",Detail
DAM194,taj almasa usd,,dam00300,USD,"18,406.96","4,432.88","12,420.00",0.00,"37,017.98","1,848.14","35,169.84",Detail
DAM195,shilan usd,,dam00301,USD,"1,804.69",401.66,"1,050.00",0.00,"3,478.01",221.66,"3,256.35",Detail
DAM196,advanced usd,,dam00304,USD,"1,695.70",443.22,"1,200.00",0.00,"3,338.92",0.00,"3,338.92",Detail
DAM197,babylon usd,,dam00305,USD,128.00,28.18,75.00,0.00,231.18,0.00,231.18,Detail
DAM198,aslan usd,,dam0050,USD,"2,590.06",602.69,"1,755.00",0.00,"5,255.59",307.84,"4,947.75",Detail
DAM199,jabri,,dam00150,SYP,"80,823,214.00","20,262,564.00","55,223,895.00",0.00,"160,979,325.00","4,669,652.00","156,309,673.00",Detail
DAM2,ALHIJAZ OFFICE,09631182,09631182,KWD,0.00,0.00,80.02,0.00,80.02,0.00,80.02,Detail
DAM2,ALHIJAZ OFFICE,09631182,09631182,QAR,685.00,140.01,273.75,0.00,"1,098.76",0.00,"1,098.76",Detail
DAM2,ALHIJAZ OFFICE,09631182,09631182,SAR,0.00,0.00,"1,200.00",0.00,"1,200.00",0.00,"1,200.00",Detail
DAM2,ALHIJAZ OFFICE,09631182,09631182,SYP,"1,461,354,716.00","376,568,388.00","900,742,344.00",0.00,"2,738,665,448.00",0.00,"2,738,665,448.00",Detail
DAM2,ALHIJAZ OFFICE,09631182,09631182,USD,"20,497.26","4,995.63","15,109.93",0.00,"40,602.82",0.00,"40,602.82",Detail
DAM200,jabri usd,,dam175,USD,"7,109.06","1,927.88","5,700.00",0.00,"14,736.94",0.00,"14,736.94",Detail
DAM201,alshaheen usd,,dam00301,USD,460.60,160.44,450.00,0.00,"1,071.04",0.00,"1,071.04",Detail
DAM202,gilgamish diamond usd,,DAM005,USD,"2,761.21",640.83,"1,725.00",0.00,"5,127.04",0.00,"5,127.04",Detail
DAM203,ALANWAR,,DAM00200,SYP,"3,161,968.00","634,826.00","1,658,374.00",0.00,"5,455,168.00",0.00,"5,455,168.00",Detail
DAM204,ALANWAR usd,,DAM00202,USD,"1,542.30",318.03,870.00,0.00,"2,730.33",0.00,"2,730.33",Detail
DAM207,world link usd,,dam00602,USD,"1,674.98",373.32,990.00,0.00,"3,038.30",0.00,"3,038.30",Detail
DAM210,ALTAHADI TOURS USD,,DAM007,USD,"1,339.60",283.65,810.00,0.00,"2,433.25",0.00,"2,433.25",Detail
DAM211,Almultazam,,00259,SYP,"5,490,659.00","1,008,070.00","2,487,561.00",0.00,"8,986,290.00",0.00,"8,986,290.00",Detail
DAM212,Almultazam usd,,00259,USD,596.00,124.08,420.00,0.00,"1,140.08",0.00,"1,140.08",Detail
DAM213,Dam Intfair,,DAM-intfair,SYP,"14,828,523.00","3,527,695.00","9,452,739.00",0.00,"27,808,957.00",0.00,"27,808,957.00",Detail
DAM213,Dam Intfair,,DAM-intfair,USD,0.00,0.00,0.00,0.00,0.00,0.00,0.00,Detail
DAM25,LAYAL TRAVEL,,00101,SYP,"189,183,643.00","47,759,413.00","128,855,733.00",0.00,"368,595,804.00","2,797,015.00","365,798,789.00",Detail
DAM25,LAYAL TRAVEL,,00101,USD,0.00,0.00,0.00,0.00,0.00,0.00,0.00,Detail
DAM26,MAWAKEB ALSHARQ,,00102,SYP,"54,801,546.00","18,457,811.00","46,932,023.00",0.00,"125,161,750.00","4,970,370.00","120,191,380.00",Detail
DAM26,MAWAKEB ALSHARQ,,00102,USD,0.00,0.00,0.00,0.00,0.00,0.00,0.00,Detail
DAM29,TAJ ALSHAM,,00105,SYP,"38,626,866.00","6,556,774.00","19,568,818.00",0.00,"82,670,313.00","17,917,855.00","64,752,458.00",Detail
DAM29,TAJ ALSHAM,,00105,USD,0.00,0.00,0.00,0.00,0.00,0.00,0.00,Detail
DAM32,ALSHRIAA,,00108,SYP,"72,826,095.00","16,111,766.00","46,766,176.00",0.00,"135,704,037.00",0.00,"135,704,037.00",Detail
DAM32,ALSHRIAA,,00108,USD,0.00,0.00,0.00,0.00,0.00,0.00,0.00,Detail
DAM43,SYRIAN TRAVEL & TOURISM AGENCY,,00119,SYP,"1,456,659,142.00","358,886,782.00","982,891,644.00",0.00,"2,869,770,398.00","71,332,830.00","2,798,437,568.00",Detail
DAM43,SYRIAN TRAVEL & TOURISM AGENCY,,00119,USD,0.00,0.00,0.00,0.00,0.00,0.00,0.00,Detail
DAM44,ALAWABEEN,,00120,SYP,"88,111,998.00","21,033,934.00","55,721,396.00",0.00,"164,867,328.00",0.00,"164,867,328.00",Detail
DAM44,ALAWABEEN,,00120,USD,0.00,0.00,0.00,0.00,0.00,0.00,0.00,Detail
DAM48,MOUNTAIN ROSE,,00124,SYP,"15,469,983.00","4,205,197.00","9,286,900.00",0.00,"28,962,080.00",0.00,"28,962,080.00",Detail
DAM48,MOUNTAIN ROSE,,00124,USD,0.00,0.00,0.00,0.00,0.00,0.00,0.00,Detail
DAM50,URJUWAN,,00125,SYP,"530,680.00",0.00,0.00,0.00,"530,680.00",0.00,"530,680.00",Detail
DAM51,ALMUDIFAH,,00126,SYP,"23,003,538.00","5,592,921.00","16,749,590.00",0.00,"49,327,144.00","3,981,095.00","45,346,049.00",Detail
DAM54,SUN LIGHT,,00130,SYP,"32,841,347.00","6,247,538.00","16,915,426.00",0.00,"56,004,311.00",0.00,"56,004,311.00",Detail
DAM54,SUN LIGHT,,00130,USD,0.00,0.00,0.00,0.00,0.00,0.00,0.00,Detail
DAM55,ODYSSEY,,00131,SYP,"1,619,458.00","348,369.00","829,188.00",0.00,"2,797,015.00",0.00,"2,797,015.00",Detail
DAM56,ALSAYED,,00132,SYP,"15,754,561.00","2,714,538.00","6,301,822.00",0.00,"24,770,921.00",0.00,"24,770,921.00",Detail
DAM57,ALAGHAR,,00133,SYP,"48,745,935.00","13,517,073.00","36,650,096.00",0.00,"98,913,104.00",0.00,"98,913,104.00",Detail
DAM57,ALAGHAR,,00133,USD,0.00,0.00,0.00,0.00,0.00,0.00,0.00,Detail
DAM63,ALSHAHEEN,,00141,SYP,"39,312,549.00","8,129,793.00","21,393,033.00",0.00,"68,835,375.00",0.00,"68,835,375.00",Detail
DAM63,ALSHAHEEN,,00141,USD,0.00,0.00,0.00,0.00,0.00,0.00,0.00,Detail
DAM67,ALDAWLY,,00147,SYP,"226,737,312.00","49,993,244.00","115,826,427.00",0.00,"462,940,285.00","70,383,302.00","392,556,983.00",Detail
DAM67,ALDAWLY,,00147,USD,0.00,0.00,0.00,0.00,0.00,0.00,0.00,Detail
DAM68,GILGAMISH,,00176,SYP,"30,941,736.00","7,994,028.00","23,880,599.00",0.00,"67,457,822.00","4,641,459.00","62,816,363.00",Detail
DAM68,GILGAMISH,,00176,USD,0.00,0.00,0.00,0.00,0.00,0.00,0.00,Detail
DAM69,ORFALI,,00151,SYP,"15,549,585.00","4,883,692.00","15,257,049.00",0.00,"62,385,517.00","26,695,191.00","35,690,326.00",Detail
DAM69,ORFALI,,00151,USD,0.00,0.00,0.00,0.00,0.00,0.00,0.00,Detail
DAM7,AIRPORT SALES OFFICE,,09631145,AED,682.00,90.00,225.00,0.00,997.00,0.00,997.00,Detail
DAM7,AIRPORT SALES OFFICE,,09631145,QAR,42.52,1.02,0.00,0.00,43.54,0.00,43.54,Detail
DAM7,AIRPORT SALES OFFICE,,09631145,SYP,"200,217,480.00","37,515,978.00","102,540,069.00",0.00,"340,273,527.00",0.00,"340,273,527.00",Detail
DAM7,AIRPORT SALES OFFICE,,09631145,USD,"11,298.53","2,332.99","6,735.00",0.00,"20,366.52",0.00,"20,366.52",Detail
DAM70,MARROTA,,00153,SYP,"231,775,456.00","55,925,792.00","143,427,331.00",0.00,"431,128,579.00",0.00,"431,128,579.00",Detail
DAM70,MARROTA,,00153,USD,0.00,0.00,0.00,0.00,0.00,0.00,0.00,Detail
DAM73,ALRASSAM,,00156,SYP,"83,655,616.00","22,683,794.00","66,500,841.00",0.00,"175,222,672.00","2,382,421.00","172,840,251.00",Detail
DAM73,ALRASSAM,,00156,USD,0.00,0.00,0.00,0.00,0.00,0.00,0.00,Detail
DAM77,SKY SYRIA,,00161,SYP,"9,008,295.00","3,289,549.00","12,935,326.00",0.00,"25,233,170.00",0.00,"25,233,170.00",Detail
DAM8,RESERVATION SECTION,,000001,SYP,"-12,647,906.00","-1,900,772.00","-5,140,895.00",0.00,0.00,"19,689,573.00","-19,689,573.00",Detail
DAM8,RESERVATION SECTION,,000001,USD,0.00,0.00,0.00,0.00,0.00,0.00,0.00,Detail
DAM82,ALMARSA,,00163,USD,0.00,0.00,0.00,0.00,0.00,0.00,0.00,Detail
DAM84,HOMS SALES OFFICE,,09633116,SYP,"18,273,114.00","5,975,886.00","8,692,798.00",0.00,"79,074,521.00","46,132,723.00","32,941,798.00",Detail
DAM84,HOMS SALES OFFICE,,09633116,USD,470.40,184.49,555.00,0.00,"1,209.89",0.00,"1,209.89",Detail
DAM87,SHAM WATFEH,,00172,SYP,"89,968,049.00","20,871,302.00","57,379,776.00",0.00,"168,219,127.00",0.00,"168,219,127.00",Detail
DAM87,SHAM WATFEH,,00172,USD,0.00,0.00,0.00,0.00,0.00,0.00,0.00,Detail
DAM95,SYRIA LINK,,00180,SYP,"301,202,100.00","74,605,397.00","205,804,345.00",0.00,"594,709,465.00","13,097,623.00","581,611,842.00",Detail
DAM95,SYRIA LINK,,00180,USD,0.00,0.00,0.00,0.00,0.00,0.00,0.00,Detail
DAM96,MASA,,00181,SYP,"110,085,131.00","27,579,542.00","78,441,130.00",0.00,"216,105,803.00",0.00,"216,105,803.00",Detail
DAM96,MASA,,00181,USD,0.00,0.00,0.00,0.00,0.00,0.00,0.00,Detail
DAM97,DURRAT ALHIJAZ,,00186,SYP,"2,703,483.00","648,424.00","1,658,375.00",0.00,"5,010,282.00",0.00,"5,010,282.00",Detail
DAM98,ASLAN,,00188,SYP,"329,252,769.00","79,348,323.00","248,128,824.00",0.00,"666,070,214.00","9,340,298.00","656,729,916.00",Detail
DAM98,ASLAN,,00188,USD,0.00,0.00,0.00,0.00,0.00,0.00,0.00,Detail
DEZ2,MARI,,00149,USD,0.00,0.00,0.00,0.00,0.00,0.00,0.00,Detail
DEZ4,ATIEA,,00185,SYP,"14,284,134.00","2,748,809.00","7,131,013.00",0.00,"24,163,956.00",0.00,"24,163,956.00",Detail
DEZ6,ALNEMR TRAVEL,,00243,SYP,"15,699,280.00","2,859,481.00","5,804,313.00",0.00,"24,363,074.00",0.00,"24,363,074.00",Detail
DOH1,RB DOH OFFICE,,none,USD,0.00,0.00,0.00,0.00,0.00,0.00,0.00,Detail
DXB10,AIRLINK INTERNATIONAL UAE,,DXB0001,AED,"1,771.00",687.00,"2,857.00",0.00,"5,315.00",0.00,"5,315.00",Detail
DXB10,AIRLINK INTERNATIONAL UAE,,DXB0001,USD,0.00,0.00,0.00,0.00,0.00,0.00,0.00,Detail
DXB11,PACK & GO TRAVEL TOURISM LLC,,DXB0002,AED,"15,742.00","6,623.00","25,945.00",0.00,"48,310.00",0.00,"48,310.00",Detail
DXB11,PACK & GO TRAVEL TOURISM LLC,,DXB0002,USD,0.00,0.00,0.00,0.00,0.00,0.00,0.00,Detail
DXB12,TRANSTOUR,,DXB0003,AED,"20,041.00","6,463.00","24,740.00",0.00,"51,244.00",0.00,"51,244.00",Detail
DXB12,TRANSTOUR,,DXB0003,USD,0.00,0.00,0.00,0.00,0.00,0.00,0.00,Detail
DXB13,FLYIN,,DXB0004,AED,"31,220.00","14,701.00","53,868.00",0.00,"99,789.00",0.00,"99,789.00",Detail
DXB13,FLYIN,,DXB0004,USD,0.00,0.00,0.00,0.00,0.00,0.00,0.00,Detail
DXB15,NARJIS,,DXB00010,AED,"3,652.00",419.00,"1,650.00",0.00,"5,721.00",0.00,"5,721.00",Detail
DXB15,NARJIS,,DXB00010,USD,0.00,0.00,0.00,0.00,0.00,0.00,0.00,Detail
DXB16,AYAVA,,DXB00011,AED,"1,561.00",804.00,"2,584.00",0.00,"4,949.00",0.00,"4,949.00",Detail
DXB18,ALTAHADI DXB,,DXB00013,AED,685.00,137.00,439.00,0.00,"1,261.00",0.00,"1,261.00",Detail
DXB20,ELAF,,DXB00015,AED,"47,574.00","29,285.00","115,795.00",0.00,"203,185.00","11,191.00","191,994.00",Detail
DXB20,ELAF,,DXB00015,USD,0.00,0.00,0.00,0.00,0.00,0.00,0.00,Detail
DXB22,ALAGHARDXB,,DXB00017,AED,"11,798.00","2,647.00","8,902.00",0.00,"23,347.00",0.00,"23,347.00",Detail
DXB22,ALAGHARDXB,,DXB00017,USD,0.00,0.00,0.00,0.00,0.00,0.00,0.00,Detail
DXB23,PALMYRADXB,,DXB00018,AED,"-2,952.00",365.00,"1,311.00",0.00,"5,492.00","6,768.00","-1,276.00",Detail
DXB23,PALMYRADXB,,DXB00018,USD,0.00,0.00,0.00,0.00,0.00,0.00,0.00,Detail
DXB25,TOMEH,,DXB00020,AED,"9,265.00","4,513.00","15,281.00",0.00,"29,059.00",0.00,"29,059.00",Detail
DXB25,TOMEH,,DXB00020,USD,0.00,0.00,0.00,0.00,0.00,0.00,0.00,Detail
DXB26,GRANADA GATE,,DXB00021,AED,"15,481.00","8,538.00","32,098.00",0.00,"57,516.00","1,399.00","56,117.00",Detail
DXB26,GRANADA GATE,,DXB00021,USD,0.00,0.00,0.00,0.00,0.00,0.00,0.00,Detail
DXB27,LAZURDE,,DXB00022,AED,"4,086.00","2,868.00","10,480.00",0.00,"24,143.00","8,359.00","15,784.00",Detail
DXB27,LAZURDE,,DXB00022,USD,0.00,0.00,0.00,0.00,0.00,0.00,0.00,Detail
DXB32,Dubai link tours,,DXB00027,AED,74.00,137.00,439.00,0.00,650.00,0.00,650.00,Detail
DXB33,WL T TRAVEL AND TOURISM,,DXB00028,AED,"70,822.00","35,601.00","126,508.00",0.00,"235,378.00","3,034.00","232,344.00",Detail
DXB33,WL T TRAVEL AND TOURISM,,DXB00028,USD,0.00,0.00,0.00,0.00,0.00,0.00,0.00,Detail
DXB36,DAMA SKY TOURISM,,DXB00032,AED,"18,011.00","4,177.00","16,713.00",0.00,"39,897.00",996.00,"38,901.00",Detail
DXB36,DAMA SKY TOURISM,,DXB00032,USD,0.00,0.00,0.00,0.00,0.00,0.00,0.00,Detail
DXB37,WAHET ALALMAS TRAVEL AGENCY,,dxb00033,AED,440.00,503.00,"1,757.00",0.00,"2,700.00",0.00,"2,700.00",Detail
DXB39,TAJ ALSHAM FOR TOURISM LLC DXB,,00035,AED,"6,294.00","1,429.00","5,880.00",0.00,"13,840.00",237.00,"13,603.00",Detail
DXB39,TAJ ALSHAM FOR TOURISM LLC DXB,,00035,USD,0.00,0.00,0.00,0.00,0.00,0.00,0.00,Detail
DXB40,JABOR TRAVEL AND TOURISM LLC,,DXB 00036,AED,"11,642.00","5,328.00","18,676.00",0.00,"36,627.00",981.00,"35,646.00",Detail
DXB40,JABOR TRAVEL AND TOURISM LLC,,DXB 00036,USD,0.00,0.00,0.00,0.00,0.00,0.00,0.00,Detail
DXB43,RAMAT TRAVEL AND TOURISM DXB,,dxb00038,AED,"24,232.00","7,781.00","29,289.00",0.00,"66,590.00","5,618.00","60,972.00",Detail
DXB43,RAMAT TRAVEL AND TOURISM DXB,,dxb00038,USD,0.00,0.00,0.00,0.00,0.00,0.00,0.00,Detail
DXB44,AL ZAMEL TRAVEL & TOURISM,,dxb00039,AED,"2,665.00","1,568.00","7,096.00",0.00,"17,011.00","5,682.00","11,329.00",Detail
DXB44,AL ZAMEL TRAVEL & TOURISM,,dxb00039,USD,0.00,0.00,0.00,0.00,0.00,0.00,0.00,Detail
DXB46,DAR AL ZAIN TRAVEL AND TOURISM,,dxb00041,AED,148.00,274.00,878.00,0.00,"1,300.00",0.00,"1,300.00",Detail
DXB47,SHARIF HOUSE LLC- FZ,,DXB0042,AED,74.00,137.00,439.00,0.00,650.00,0.00,650.00,Detail
DXB48,AL MOUKTAR TRAVEL & TOURISM LLC,,none,AED,"6,902.00","8,394.00","28,332.00",0.00,"54,728.00","11,540.00","43,188.00",Detail
DXB48,AL MOUKTAR TRAVEL & TOURISM LLC,,none,USD,0.00,0.00,0.00,0.00,0.00,0.00,0.00,Detail
DXB49,SAMAALOPHOQ TRAVEL & TOURISM,,dxb00044,AED,"3,389.00","2,121.00","7,978.00",0.00,"13,488.00",0.00,"13,488.00",Detail
DXB49,SAMAALOPHOQ TRAVEL & TOURISM,,dxb00044,USD,0.00,0.00,0.00,0.00,0.00,0.00,0.00,Detail
DXB50,AL BUKKAI FOR TRAVEL AND TOURISM LLC,,DXB00045,USD,0.00,0.00,0.00,0.00,0.00,0.00,0.00,Detail
DXB53,SKY MASTER TRAVEL LLC,,DXB00046,AED,"28,299.00","12,367.00","41,153.00",0.00,"85,276.00","3,457.00","81,819.00",Detail
DXB53,SKY MASTER TRAVEL LLC,,DXB00046,USD,0.00,0.00,0.00,0.00,0.00,0.00,0.00,Detail
DXB57,DARIN TRAVEL AND TOURS LLC,,DXB00050,AED,"11,656.00","6,301.00","23,856.00",0.00,"41,813.00",0.00,"41,813.00",Detail
DXB57,DARIN TRAVEL AND TOURS LLC,,DXB00050,USD,0.00,0.00,0.00,0.00,0.00,0.00,0.00,Detail
DXB58,PHOENIQ TRAVEL AGENCY LLC,,DXB00049,AED,"20,888.00","6,420.00","24,412.00",0.00,"51,720.00",0.00,"51,720.00",Detail
DXB58,PHOENIQ TRAVEL AGENCY LLC,,DXB00049,USD,0.00,0.00,0.00,0.00,0.00,0.00,0.00,Detail
DXB60,ALAM MARIA TRAVEL AND TOURISM LLLC,,DXB00053,AED,"21,391.00","10,903.00","40,177.00",0.00,"75,991.00","3,520.00","72,471.00",Detail
DXB60,ALAM MARIA TRAVEL AND TOURISM LLLC,,DXB00053,USD,0.00,0.00,0.00,0.00,0.00,0.00,0.00,Detail
DXB61,RAHLAT MOHTARIF TRAVEL AGENCY LLC,,DXB00052,AED,"8,507.00","3,983.00","13,623.00",0.00,"26,113.00",0.00,"26,113.00",Detail
DXB61,RAHLAT MOHTARIF TRAVEL AGENCY LLC,,DXB00052,USD,0.00,0.00,0.00,0.00,0.00,0.00,0.00,Detail
DXB62,SWEN TOURISM,,DXB00054,AED,"7,111.00","2,104.00","7,911.00",0.00,"17,126.00",0.00,"17,126.00",Detail
DXB62,SWEN TOURISM,,DXB00054,USD,0.00,0.00,0.00,0.00,0.00,0.00,0.00,Detail
DXB63,ZANOBIA TOURISM,,DXB00055,AED,"26,448.00","3,406.00","14,913.00",0.00,"44,767.00",660.00,"44,107.00",Detail
DXB63,ZANOBIA TOURISM,,DXB00055,USD,0.00,0.00,0.00,0.00,0.00,0.00,0.00,Detail
DXB68,DAR AL SHAM TRAVEL AND TOURISM LLC,,DXB0065,AED,"7,344.00","6,161.00","21,096.00",0.00,"35,582.00",981.00,"34,601.00",Detail
DXB68,DAR AL SHAM TRAVEL AND TOURISM LLC,,DXB0065,USD,0.00,0.00,0.00,0.00,0.00,0.00,0.00,Detail
DXB70,ALASAL TOURISM & TRAVEL LLC,,dxb0067,AED,"22,282.00","10,097.00","34,651.00",0.00,"72,482.00","6,002.00","66,480.00",Detail
DXB70,ALASAL TOURISM & TRAVEL LLC,,dxb0067,USD,0.00,0.00,0.00,0.00,0.00,0.00,0.00,Detail
DXB71,SURIANA TOURS & TRAVEL LLC,,0068,AED,"11,297.00","7,100.00","26,821.00",0.00,"46,199.00",981.00,"45,218.00",Detail
DXB71,SURIANA TOURS & TRAVEL LLC,,0068,USD,0.00,0.00,0.00,0.00,0.00,0.00,0.00,Detail
DXB73,ARABIAN STAR TOURS LLCDXB,,dxb70,AED,74.00,137.00,439.00,0.00,650.00,0.00,650.00,Detail
DXB73,ARABIAN STAR TOURS LLCDXB,,dxb70,USD,0.00,0.00,0.00,0.00,0.00,0.00,0.00,Detail
DXB76,SKAZKA TOURISM & TRAVEL LLC,,0073,AED,"1,018.00",773.00,"2,858.00",0.00,"4,649.00",0.00,"4,649.00",Detail
DXB76,SKAZKA TOURISM & TRAVEL LLC,,0073,USD,0.00,0.00,0.00,0.00,0.00,0.00,0.00,Detail
DXB78,ALWATHEQ TRAVEL AND TOURISM LLC,,0075,AED,852.00,229.00,"1,100.00",0.00,"2,181.00",0.00,"2,181.00",Detail
DXB79,YARA DEEB TRAVEL AGENCY LLC,,0076,AED,"7,308.00","4,699.00","18,909.00",0.00,"30,916.00",0.00,"30,916.00",Detail
DXB79,YARA DEEB TRAVEL AGENCY LLC,,0076,USD,0.00,0.00,0.00,0.00,0.00,0.00,0.00,Detail
DXB8,UNITED TOURIST MANAGEMENT LLC,,DXB0007,AED,"20,624.00","9,086.00","36,065.00",0.00,"65,775.00",0.00,"65,775.00",Detail
DXB8,UNITED TOURIST MANAGEMENT LLC,,DXB0007,USD,0.00,0.00,0.00,0.00,0.00,0.00,0.00,Detail
DXB80,ajnihat alwalid travel and tourism,,0080,AED,"2,928.00","1,106.00","4,728.00",0.00,"8,762.00",0.00,"8,762.00",Detail
DXB81,sunchaser travel,,dxb00100,AED,"8,688.00","4,114.00","14,007.00",0.00,"26,809.00",0.00,"26,809.00",Detail
DXB81,sunchaser travel,,dxb00100,USD,0.00,0.00,0.00,0.00,0.00,0.00,0.00,Detail
DXB83,tariq alkaiser travel,,dxb00101,AED,"4,361.00","1,293.00","5,555.00",0.00,"11,209.00",0.00,"11,209.00",Detail
DXB84,AL MUTAMYZON TRAVEL AND TOURISM,,DXB00500,AED,"1,050.00",229.00,"1,100.00",0.00,"2,379.00",0.00,"2,379.00",Detail
DXB9,ASSIL TRAVEL & TOURISM LLC,,DXB0008,AED,"29,949.00","13,642.00","48,810.00",0.00,"93,134.00",983.00,"92,151.00",Detail
DXB9,ASSIL TRAVEL & TOURISM LLC,,DXB0008,USD,0.00,0.00,0.00,0.00,0.00,0.00,0.00,Detail
GSA10,DOHA OFFICE TRAVEL,,09744416,QAR,"249,522.86","65,627.38","142,768.72",0.00,"510,253.48","53,257.53","456,995.95",Detail
GSA10,DOHA OFFICE TRAVEL,,09744416,USD,0.00,0.00,0.00,0.00,0.00,0.00,0.00,Detail
GSA15,alshahin travel & tourism,,09665310,SAR,"427,629.00","128,764.00","302,158.00",0.00,"968,022.00","112,884.00","855,138.00",Detail
GSA15,alshahin travel & tourism,,09665310,USD,0.00,0.00,0.00,0.00,0.00,0.00,0.00,Detail
GSA18,SARIGOL TYRIZM -,,00901234,TRL,"164,332.00","25,667.00","133,474.00",0.00,"858,187.00","534,714.00","323,473.00",Detail
GSA19,ISTEHKAK FOR TOURISM SERVICES,,004199871,LYD,"104,267.00","1,316.00","27,759.00",0.00,"133,342.00",0.00,"133,342.00",Detail
GSA2,RB GSA ALGHAITH AND ALMOUSA TA,,00971412,AED,"181,295.00","62,176.00","235,442.00",0.00,"499,974.00","22,441.00","477,533.00",Detail
GSA2,RB GSA ALGHAITH AND ALMOUSA TA,,00971412,USD,0.00,0.00,0.00,0.00,0.00,0.00,0.00,Detail
GSA3,Orient Travels,,00971611,AED,"98,457.00","48,103.00","179,432.00",0.00,"364,890.00","44,847.00","320,043.00",Detail
GSA3,Orient Travels,,00971611,USD,0.00,0.00,0.00,0.00,0.00,0.00,0.00,Detail
GSA7,SALEM TRAVEL AGENCY,00971213,00971213,AED,"113,934.00","47,219.00","172,187.00",0.00,"356,770.00","26,968.00","329,802.00",Detail
GSA7,SALEM TRAVEL AGENCY,00971213,00971213,USD,0.00,0.00,0.00,0.00,0.00,0.00,0.00,Detail
GSA8,ANTA Travel & Tourism,,00971670,AED,"249,319.00","116,887.00","434,040.00",0.00,"938,375.00","147,630.00","790,745.00",Detail
GSA8,ANTA Travel & Tourism,,00971670,USD,0.00,0.00,0.00,0.00,0.00,0.00,0.00,Detail
HSK2,AKAD TRAVEL HASAKEH,,hsk002,SYP,"4,278,607.00","719,292.00","2,155,887.00",0.00,"7,153,786.00",0.00,"7,153,786.00",Detail
IST1,road makers travel tourism,,ist00,TRL,"250,784.00","53,350.00","154,692.00",0.00,"458,826.00",0.00,"458,826.00",Detail
IST10,nusuk,,ist0010,TRL,"283,608.00","58,348.00","170,327.00",0.00,"512,283.00",0.00,"512,283.00",Detail
IST11,art of travel,,ist 0011,TRL,"1,368,368.00","276,351.00","816,053.00",0.00,"2,460,772.00",0.00,"2,460,772.00",Detail
IST12,airshad,,ist0012,TRL,"660,534.00","141,034.00","417,652.00",0.00,"1,219,220.00",0.00,"1,219,220.00",Detail
IST12,airshad,,ist0012,USD,0.00,0.00,0.00,0.00,0.00,0.00,0.00,Detail
IST14,Nevada Turizm,,IST0014,TRL,"504,816.00","103,904.00","303,268.00",0.00,"911,988.00",0.00,"911,988.00",Detail
IST15,Tuba,,IST0015,TRL,"296,502.00","65,097.00","191,435.00",0.00,"553,034.00",0.00,"553,034.00",Detail
IST16,top torch,,ist0021,TRL,"92,452.00","19,873.00","57,761.00",0.00,"170,086.00",0.00,"170,086.00",Detail
IST17,bon voyage,,ist0021,TRL,"145,929.00","30,916.00","90,861.00",0.00,"267,706.00",0.00,"267,706.00",Detail
IST18,TIO elsultan travel,,IST0018,TRL,"85,159.00","16,318.00","48,183.00",0.00,"149,660.00",0.00,"149,660.00",Detail
IST2,esb travel,,ist002,TRL,"30,794.00","7,071.00","21,297.00",0.00,"59,162.00",0.00,"59,162.00",Detail
IST20,abu rass,,ist0022,TRL,"74,871.00","18,870.00","54,843.00",0.00,"148,584.00",0.00,"148,584.00",Detail
IST3,moto tour,,ist003,TRL,"164,211.00","38,470.00","125,111.00",0.00,"327,792.00",0.00,"327,792.00",Detail
IST4,ila tourism,,ist004,TRL,"23,447.00","5,149.00","17,645.00",0.00,"46,241.00",0.00,"46,241.00",Detail
IST5,hamdan group,,ist005,TRL,"645,808.00","139,071.00","408,873.00",0.00,"1,193,752.00",0.00,"1,193,752.00",Detail
IST5,hamdan group,,ist005,USD,0.00,0.00,0.00,0.00,0.00,0.00,0.00,Detail
IST6,emir istanbul,,ist006,TRL,"853,223.00","200,719.00","598,771.00",0.00,"1,652,713.00",0.00,"1,652,713.00",Detail
IST7,experts,,ist007,TRL,"629,591.00","134,656.00","397,475.00",0.00,"1,161,722.00",0.00,"1,161,722.00",Detail
IST8,kral,,ist008,TRL,"199,876.00","39,407.00","113,709.00",0.00,"352,992.00",0.00,"352,992.00",Detail
IST9,uranus,,ist009,TRL,"578,024.00","123,029.00","361,308.00",0.00,"1,062,361.00",0.00,"1,062,361.00",Detail
KAC1,KAMESHLI SALES OFFICE,09635216,09635216,SYP,"2,728,023.00","2,271,198.00","5,804,315.00",0.00,"35,157,213.00","27,504,587.00","7,652,626.00",Detail
KAC1,KAMESHLI SALES OFFICE,09635216,09635216,USD,423.00,97.52,210.00,0.00,730.52,0.00,730.52,Detail
KWI1,KUWAIT SALES OFFICE,,09652414,KWD,"2,595.02",558.745,"2,068.74",0.00,"8,262.775","3,040.27","5,222.505",Detail
KWI1,KUWAIT SALES OFFICE,,09652414,USD,0.00,0.00,0.00,0.00,0.00,0.00,0.00,Detail
KWI10,ALKHALIJIA,,00208,KWD,"2,256.46",492.67,"1,965.43",0.00,"4,714.56",0.00,"4,714.56",Detail
KWI10,ALKHALIJIA,,00208,USD,0.00,0.00,0.00,0.00,0.00,0.00,0.00,Detail
KWI11,ALSAQR ALOLA,,00209,KWD,"1,172.535",308.23,"1,059.49",0.00,"2,540.255",0.00,"2,540.255",Detail
KWI12,ALATHEER,,00210,KWD,98.10,18.03,72.30,0.00,188.43,0.00,188.43,Detail
KWI13,ALMALEK ALDAARI,,00211,KWD,"14,913.89","3,436.915","12,493.21",0.00,"30,844.01",0.00,"30,844.01",Detail
KWI13,ALMALEK ALDAARI,,00211,USD,0.00,0.00,0.00,0.00,0.00,0.00,0.00,Detail
KWI14,ALFANAR,,00212,KWD,109.095,21.255,79.54,0.00,209.89,0.00,209.89,Detail
KWI15,FEMEX,,00213,KWD,"4,861.735",988.275,"4,157.06",0.00,"10,007.065",0.00,"10,007.065",Detail
KWI15,FEMEX,,00213,USD,0.00,0.00,0.00,0.00,0.00,0.00,0.00,Detail
KWI28,EJAZA CLUB,,00225,KWD,"11,856.58","2,696.41","9,992.73",0.00,"24,545.715",0.00,"24,545.715",Detail
KWI28,EJAZA CLUB,,00225,USD,0.00,0.00,0.00,0.00,0.00,0.00,0.00,Detail
KWI29,ALSAYED KWI,,00232,KWD,"6,115.365","1,365.945","5,119.85",0.00,"12,601.16",0.00,"12,601.16",Detail
KWI29,ALSAYED KWI,,00232,USD,0.00,0.00,0.00,0.00,0.00,0.00,0.00,Detail
KWI3,ALAJWA,,00201,KWD,329.17,70.72,237.01,0.00,636.895,0.00,636.895,Detail
KWI30,QGO,,00233,KWD,108.76,21.315,71.30,0.00,201.37,0.00,201.37,Detail
KWI31,AZYAN TRAVEL & TOURISM,,kwi0020,KWD,"1,394.855",395.68,"1,081.36",0.00,"2,871.89",0.00,"2,871.89",Detail
KWI35,Al Jazeera international travel & tourism,,0035,KWD,"3,909.40",838.72,"3,225.91",0.00,"7,974.03",0.00,"7,974.03",Detail
KWI7,ALSSAFA,,00205,KWD,"1,104.825",247.25,918.66,0.00,"2,270.73",0.00,"2,270.73",Detail
LTK1,LATAKIA SALES OFFICE,,09634111,SYP,"26,985,317.00","4,211,125.00","12,889,869.00",0.00,"66,268,656.00","22,182,482.00","44,086,174.00",Detail
LTK1,LATAKIA SALES OFFICE,,09634111,USD,110.60,107.37,405.00,0.00,622.97,0.00,622.97,Detail
LTK13,altabba usd,,ltk 00500,USD,638.25,253.22,870.00,0.00,"1,761.47",0.00,"1,761.47",Detail
LTK14,Sky travel,,LTK14,USD,"2,060.06",528.92,"1,635.00",0.00,"4,223.98",0.00,"4,223.98",Detail
LTK3,ALTABBA,,00145,SYP,"10,337,203.00","3,664,344.00","13,267,000.00",0.00,"27,268,547.00",0.00,"27,268,547.00",Detail
LTK3,ALTABBA,,00145,USD,0.00,0.00,0.00,0.00,0.00,0.00,0.00,Detail
LTK5,SKYTRAVELUSD,,ltk00257,SYP,"134,315,426.00","36,926,469.00","112,437,820.00",0.00,"283,679,715.00",0.00,"283,679,715.00",Detail
LTK5,SKYTRAVELUSD,,ltk00257,USD,0.00,0.00,0.00,0.00,0.00,0.00,0.00,Detail
LTK6,ZOUHAL TRAVEL,,ltk0063,SYP,"32,962,743.00","7,000,771.00","22,222,223.00",0.00,"62,185,737.00",0.00,"62,185,737.00",Detail
LTK6,ZOUHAL TRAVEL,,ltk0063,USD,0.00,0.00,0.00,0.00,0.00,0.00,0.00,Detail
LTK7,JALJOUL TRAVEL & TOURISM,,00240,SYP,"4,053,400.00","710,779.00","2,155,887.00",0.00,"6,920,066.00",0.00,"6,920,066.00",Detail
LTK8,APOLLO TRAVEL AND TOURISM,,00241,SYP,"7,042,566.00","1,765,063.00","6,633,499.00",0.00,"15,441,128.00",0.00,"15,441,128.00",Detail
QAJ10,ALSHOUFI TRAVEL AND TOURISM FZE,,none,AED,0.00,1.00,0.00,0.00,1.00,0.00,1.00,Detail
QAJ10,ALSHOUFI TRAVEL AND TOURISM FZE,,none,USD,0.00,0.00,0.00,0.00,0.00,0.00,0.00,Detail
QAJ2,MAJD,,QAJ0002,AED,"37,298.00","16,366.00","63,005.00",0.00,"116,669.00",0.00,"116,669.00",Detail
QAJ2,MAJD,,QAJ0002,USD,0.00,0.00,0.00,0.00,0.00,0.00,0.00,Detail
QAJ3,UGARIT,,QAJ0003,AED,"14,182.00","5,091.00","16,690.00",0.00,"50,563.00","16,328.00","34,235.00",Detail
QAJ3,UGARIT,,QAJ0003,USD,0.00,0.00,0.00,0.00,0.00,0.00,0.00,Detail
QAJ4,ALTAYAR,,QAJ0004,AED,"1,071.00","1,370.00","4,391.00",0.00,"6,832.00",0.00,"6,832.00",Detail
QAJ4,ALTAYAR,,QAJ0004,USD,0.00,0.00,0.00,0.00,0.00,0.00,0.00,Detail
QDR1,DARAA SALES OFFICE,,09631510,SYP,"22,059,832.00","6,919,395.00","19,750,732.00",0.00,"68,284,907.00","19,554,948.00","48,729,959.00",Detail
QDR1,DARAA SALES OFFICE,,09631510,USD,532.00,144.79,510.00,0.00,"1,186.79",0.00,"1,186.79",Detail
QDR8,ALMANASEK,,00203,SYP,"1,580,984.00","317,413.00","829,187.00",0.00,"2,727,584.00",0.00,"2,727,584.00",Detail
QHM1,HAMA SALES OFFICE,09633315,09633315,SYP,"31,914,700.00","1,002,525.00","492,045.00",0.00,"111,350,912.00","77,941,642.00","33,409,270.00",Detail
QHM1,HAMA SALES OFFICE,09633315,09633315,USD,258.00,60.64,210.00,0.00,528.64,0.00,528.64,Detail
QHM12,ALAWABEEN usd,,QHM0016,USD,"5,406.25","1,232.35","3,735.00",0.00,"10,373.60",0.00,"10,373.60",Detail
QHM13,AL asal usd,,QHM0016,USD,"2,113.25",480.43,"1,275.00",0.00,"3,868.68",0.00,"3,868.68",Detail
QHM3,ALSHAMALI,,00197,SYP,"104,725,928.00","25,245,543.00","74,129,364.00",0.00,"204,100,835.00",0.00,"204,100,835.00",Detail
QHM3,ALSHAMALI,,00197,USD,0.00,0.00,0.00,0.00,0.00,0.00,0.00,Detail
QHM4,ALBAZ,,00205,SYP,"55,200,770.00","15,690,318.00","42,786,078.00",0.00,"113,677,166.00",0.00,"113,677,166.00",Detail
QHM4,ALBAZ,,00205,USD,0.00,0.00,0.00,0.00,0.00,0.00,0.00,Detail
QHM5,SAMA ALFARES,,00212,SYP,"34,962,520.00","9,972,799.00","32,172,477.00",0.00,"84,623,441.00","7,515,645.00","77,107,796.00",Detail
QHM5,SAMA ALFARES,,00212,USD,0.00,0.00,0.00,0.00,0.00,0.00,0.00,Detail
QHM6,ALASAL,,00224,SYP,"134,334,227.00","31,163,833.00","92,703,162.00",0.00,"288,038,811.00","29,837,589.00","258,201,222.00",Detail
QHM6,ALASAL,,00224,USD,0.00,0.00,0.00,0.00,0.00,0.00,0.00,Detail
QHM7,ASAL,,00236,SYP,"818,132.00","305,804.00","1,326,700.00",0.00,"2,450,636.00",0.00,"2,450,636.00",Detail
QHM8,LABABEDI,,00255,SYP,"6,734,218.00","1,783,305.00","5,638,475.00",0.00,"14,155,998.00",0.00,"14,155,998.00",Detail
QHM8,LABABEDI,,00255,USD,0.00,0.00,0.00,0.00,0.00,0.00,0.00,Detail
QHS2,ILIAD,,00190,SYP,"3,047,319.00","944,388.00","2,487,564.00",0.00,"6,479,271.00",0.00,"6,479,271.00",Detail
QHS3,ALMOHTARIF,,00209,SYP,"58,753,792.00","11,649,635.00","39,635,158.00",0.00,"110,038,585.00",0.00,"110,038,585.00",Detail
QHS3,ALMOHTARIF,,00209,USD,0.00,0.00,0.00,0.00,0.00,0.00,0.00,Detail
QSW1,ALSOUIDAA SALES OFFICE,,09631613,SYP,"-7,736,332.00","-2,212,548.00","-11,482,229.00",0.00,0.00,"21,431,109.00","-21,431,109.00",Detail
QSW1,ALSOUIDAA SALES OFFICE,,09631613,USD,0.00,0.00,0.00,0.00,0.00,0.00,0.00,Detail
QSW4,SAMA ALOPHOQ,,00173,SYP,"8,364,290.00","1,921,503.00","5,638,474.00",0.00,"15,924,267.00",0.00,"15,924,267.00",Detail
QTR1,TARTOUS SALES OFFICE,,09634310,SYP,"154,349,924.00","32,726,704.00","69,903,521.00",0.00,"279,895,403.00","22,915,254.00","256,980,149.00",Detail
QTR1,TARTOUS SALES OFFICE,,09634310,USD,"1,113.00",245.51,585.00,0.00,"1,943.51",0.00,"1,943.51",Detail
QTR6,DANNOURA,,0191,SYP,"9,452,295.00","2,494,526.00","7,296,851.00",0.00,"19,243,672.00",0.00,"19,243,672.00",Detail
SHJ10,Sky Dreams LLC,,shj 0004,AED,"2,684.00","1,602.00","5,715.00",0.00,"10,650.00",649.00,"10,001.00",Detail
SHJ10,Sky Dreams LLC,,shj 0004,USD,0.00,0.00,0.00,0.00,0.00,0.00,0.00,Detail
SHJ11,Prive Creative Travel FZE,,shj00021,AED,"4,010.00",630.00,"3,522.00",0.00,"8,162.00",0.00,"8,162.00",Detail
SHJ11,Prive Creative Travel FZE,,shj00021,USD,0.00,0.00,0.00,0.00,0.00,0.00,0.00,Detail
SHJ12,PERFECT TRAVEL,,shj12,AED,"1,215.00",411.00,"1,320.00",0.00,"2,946.00",0.00,"2,946.00",Detail
SHJ13,W T TOURISM AND TRAVL,,0013,AED,"44,527.00","19,236.00","72,968.00",0.00,"150,180.00","16,819.00","133,361.00",Detail
SHJ13,W T TOURISM AND TRAVL,,0013,USD,0.00,0.00,0.00,0.00,0.00,0.00,0.00,Detail
SHJ6,AL FAISAL TRAVEL AGENCY,,SHJ0001,AED,"1,140.00","1,133.00","6,380.00",0.00,"14,189.00","7,036.00","7,153.00",Detail
SHJ6,AL FAISAL TRAVEL AGENCY,,SHJ0001,USD,0.00,0.00,0.00,0.00,0.00,0.00,0.00,Detail
SHJ7,JOELLE,,SHJ0002,AED,"6,164.00","3,443.00","12,962.00",0.00,"28,489.00","6,443.00","22,046.00",Detail
SHJ7,JOELLE,,SHJ0002,USD,0.00,0.00,0.00,0.00,0.00,0.00,0.00,Detail
SHJ8,PETRA,,none,AED,"4,152.00",917.00,"3,848.00",0.00,"11,210.00","2,293.00","8,917.00",Detail
SHJ8,PETRA,,none,USD,0.00,0.00,0.00,0.00,0.00,0.00,0.00,Detail
SHJ9,DURAH,,SHJ0003,AED,"4,022.00","2,327.00","8,853.00",0.00,"15,588.00",606.00,"14,982.00",Detail
SHJ9,DURAH,,SHJ0003,USD,0.00,0.00,0.00,0.00,0.00,0.00,0.00,Detail
,Grand Total,,,,"6,596,955,944.34","1,675,321,806.67","4,412,175,676.51",0.00,"16,104,292,622.955","3,430,600,839.48","12,673,691,783.475",
Syrian Air Reservation System,,,,,,,,,,,Page 1,
*** End of Report ***,,,,,,,,,,,,
